species,ID,layer,laminae,data_sheet_ID,well_ID,tray_ID,Sample Name,Sample Wt.,N Signal,C Signal,Conc N,Conc C,d15N,d13C,Notes
HBWF,38,1,7,A01,A5,eyeball01,A01,0.407,0.98,3.8,16.96,51.76,10.1,-22.33,
HBWF,38,2,6,A02,A6,eyeball01,A02,0.552,1.35,5.17,17.29,51.93,10.42,-22.05,
HBWF,38,3,5,A03,A7,eyeball01,A03,0.514,1.26,4.79,17.31,51.67,9.98,-22.96,
HBWF,38,4,4,A04,A8,eyeball01,A04,0.5,1.23,4.68,17.44,51.89,10.1,-24.63,
HBWF,38,5,3,A05,A9,eyeball01,A05,0.562,1.39,5.23,17.47,51.68,8.92,-22.85,
HBWF,38,6,2,A06,A10,eyeball01,A06,0.571,1.41,5.32,17.49,51.74,8.71,-24.05,
HBWF,38,7,1,A07,A11,eyeball01,A07,0.121,0.28,1.12,16.43,51.23,5.99,-24.6,
HBWF,38,8,0,A08,A12,eyeball01,A08,0.105,0.25,0.98,16.98,51.9,7.06,-28.92,
HBWF,32,1,4,A09,B1,eyeball01,A09,0.464,1.15,4.46,17.58,53.37,10.88,-22.69,
HBWF,32,2,3,A10,B2,eyeball01,A10,0.344,0.85,3.24,17.42,52.19,10.62,-23.35,
HBWF,32,3,2,A11,B4,eyeball01,A11,0.71,1.77,6.66,17.65,52.02,10.89,-23.7,
HBWF,32,4,1,A12,B5,eyeball01,A12,0.467,1.16,4.4,17.63,52.31,9.19,-23.32,
HBWF,32,5,0,A13,B6,eyeball01,A13,0.493,1.22,4.6,17.49,51.74,8.8,-23.97,
LSCS,41,1,5,A14,B7,eyeball01,A14,0.66,1.65,6.27,17.63,52.73,12.74,-23.42,
LSCS,41,2,4,A15,B8,eyeball01,A15,0.36,0.88,3.35,17.23,51.64,11.93,-23.41,
LSCS,41,3,3,A16,B9,eyeball01,A16,0.55,1.35,5.15,17.38,51.96,12.34,-23.24,
LSCS,41,4,2,A17,B10,eyeball01,A17,0.675,1.65,6.22,17.26,51.11,10.29,-23.77,
LSCS,41,5,1,A18,B11,eyeball01,A18,0.391,0.94,3.58,16.99,50.8,9.28,-25.07,
LSCS,41,6,0,A19,B12,eyeball01,A19,0.484,1.17,4.42,17.08,50.7,7.28,-25.53,
LSCS,39,1,4,A20,C1,eyeball01,A20,0.577,1.39,5.3,16.98,50.96,12.54,-23.2,
LSCS,39,2,3,A21,C4,eyeball01,A21,0.611,1.51,5.66,17.46,51.44,10.79,-22.56,
LSCS,39,3,2,A22,C5,eyeball01,A22,0.279,0.68,2.58,17.16,51.38,11.81,-23.53,
LSCS,39,4,1,A23,C6,eyeball01,A23,0.17,0.4,1.55,16.64,50.43,9.81,-24.06,
LSCS,39,5,0,A24,C7,eyeball01,A24,0.169,0.4,1.56,16.87,51.16,9.25,-25.97,
HBWF,36,1,7,A25,C8,eyeball01,A25,0.329,0.79,3.1,16.94,52.32,11.57,-22.03,
HBWF,36,2,6,A26,C9,eyeball01,A26,0.466,1.14,4.37,17.23,52.01,11.02,-22.67,
HBWF,36,3,5,A27,C10,eyeball01,A27,0.521,1.28,4.86,17.35,51.8,10.71,-23.75,
HBWF,36,4,4,A28,C11,eyeball01,A28,0.318,0.71,2.74,15.82,47.76,9.58,-23.32,
HBWF,36,5,3,A29,C12,eyeball01,A29,0.435,1.05,3.98,17.03,50.81,8.76,-22.34,
HBWF,36,6,2,A30,D1,eyeball01,A30,0.611,1.48,5.55,17.09,50.44,8.56,-22.86,
HBWF,36,7,1,A31,D3,eyeball01,A31,0.262,0.64,2.44,17.25,51.72,6.95,-23.32,
HBWF,36,8,0,A32,D4,eyeball01,A32,0.098,0.23,0.89,16.46,50.4,5.78,-22.68,
HBWF,39,1,10,A33,D5,eyeball01,A33,0.424,1.03,4.01,17.22,52.46,11.64,-22.23,
HBWF,39,2,9,A34,D6,eyeball01,A34,0.343,0.83,3.23,17.03,52.29,11.53,-22.07,
HBWF,39,3,8,A35,D7,eyeball01,A35,0.404,0.98,3.76,17.16,51.62,11.12,-22.42,
HBWF,39,4,7,A36,D8,eyeball01,A36,0.399,0.96,3.66,16.98,50.96,11.35,-22,
HBWF,39,5,6,A37,D9,eyeball01,A37,0.662,1.37,5.2,14.68,43.57,9.2,-23.57,
HBWF,39,6,5,A38,D10,eyeball01,A38,0.347,0.84,3.21,17.1,51.27,9.16,-20.6,
HBWF,39,7,4,A39,D11,eyeball01,A39,0.332,0.79,3,16.77,50.16,10.73,-22.39,
HBWF,39,8,3,A40,D12,eyeball01,A40,0.352,0.85,3.21,17.08,50.61,8.68,-23.53,
HBWF,39,9,2,A41,E3,eyeball01,A41,0.129,0.31,1.19,16.89,51.11,7.9,-24.07,
HBWF,39,10,1,A42,E4,eyeball01,A42,0.029,0.06,0.26,15.37,49.56,6.77,-22.21,
HBWF,39,11,0,A43,E5,eyeball01,A43,0.1,0.23,0.91,16.55,50.5,7.98,-21.28,
HBWF,37,1,6,A44,E6,eyeball01,A44,0.572,1.37,5.23,16.9,50.77,11.29,-21.78,
HBWF,37,2,5,A45,E7,eyeball01,A45,0.292,0.75,2.86,18.07,54.43,11.85,-23.16,
HBWF,37,3,4,A46,E8,eyeball01,A46,0.325,0.79,2.99,17.09,51.11,11.09,-23.43,
HBWF,37,4,3,A47,E9,eyeball01,A47,0.304,0.75,2.87,17.47,52.39,11.39,-23.41,
HBWF,37,5,2,A48,E10,eyeball01,A48,0.404,0.98,3.69,17.07,50.7,10.11,-22.97,
HBWF,37,6,1,A49,E11,eyeball01,A49,0.368,0.88,3.35,16.95,50.46,10.61,-23.18,
HBWF,37,7,0,A50,E12,eyeball01,A50,0.488,1.17,4.4,16.96,50.01,8.32,-22.45,
HBWF,34,1,5,A51,F2,eyeball01,A51,0.315,0.76,2.95,17.11,52.01,10.69,-21.96,
HBWF,34,2,4,A52,F3,eyeball01,A52,0.47,1.14,4.34,17.1,51.2,9.72,-21.71,
HBWF,34,3,3,A53,F4,eyeball01,A53,0.592,1.44,5.43,17.23,50.89,10.16,-21.77,
HBWF,34,4,2,A54,F5,eyeball01,A54,0.411,1,3.8,17.28,51.28,8.61,-23.01,
HBWF,34,5,1,A55,F6,eyeball01,A55,0.286,0.7,2.65,17.26,51.42,7.95,-23.52,
HBWF,34,6,0,A56,F7,eyeball01,A56,0.585,1.42,5.3,17.12,50.24,7.96,-24.11,
HBWF,31,1,6,A57,F8,eyeball01,A57,0.37,0.88,3.43,16.9,51.42,11.33,-23.14,
HBWF,31,2,5,A58,F9,eyeball01,A58,0.329,0.8,3.06,17.2,51.56,10.82,-23.32,
HBWF,31,3,4,A59,F10,eyeball01,A59,0.304,0.73,2.8,17.06,51.06,9.7,-23.22,
HBWF,31,4,3,A60,F11,eyeball01,A60,0.374,0.91,3.43,17.15,50.82,8.5,-28.98,
HBWF,31,5,2,A61,G2,eyeball01,A61,0.261,0.63,2.36,16.99,50.16,5.74,-29.3,
HBWF,31,6,1,A62,G3,eyeball01,A62,0.472,1.15,4.26,17.17,50.13,3.76,-29.33,
HBWF,31,7,0,A63,G4,eyeball01,A63,0.326,0.78,2.9,16.97,49.37,5.4,-29.15,
LSCS,43,1,8,A64,G5,eyeball01,A64,0.649,1.6,5.97,17.38,51.06,12,-22.49,
LSCS,43,2,7,A65,G6,eyeball01,A65,0.323,0.8,2.96,17.45,50.87,11.42,-22.24,
LSCS,43,3,6,A66,G7,eyeball01,A66,0.56,1.38,5.05,17.47,50.01,9.84,-24.39,
LSCS,43,4,5,A67,G8,eyeball01,A67,0.365,0.89,3.32,17.27,50.4,10.79,-24.01,
LSCS,43,5,4,A68,G9,eyeball01,A68,0.343,0.83,3.11,17.1,50.25,9.98,-22.93,
LSCS,43,6,3,A69,G10,eyeball01,A69,0.217,0.53,1.97,17.15,50.48,8.51,-27.34,
LSCS,43,7,2,A70,G11,eyeball01,A70,0.205,0.48,1.8,16.42,48.62,6.78,-33.41,
LSCS,43,8,1,A71,H1,eyeball01,A71,0.017,,,,,,,autosampler malfunction -these 2 samples fell together
LSCS,43,9,0,A72,H2,eyeball01,A72,0.058,0.13,0.5,16.1,47.74,4.76,-33.12,
BDWF,40,1,9,A73,H3,eyeball01,A73,0.338,,,,,,,autosampler malfunction -these 2 samples fell together
BDWF,40,2,8,A74,H4,eyeball01,A74,0.341,,,,,,,autosampler malfunction -these 2 samples fell together
BDWF,40,3,7,A75,H5,eyeball01,A75,0.669,1.61,6.01,17.05,49.84,8.32,-22.29,
BDWF,40,4,6,A76,H6,eyeball01,A76,0.648,1.53,5.72,16.75,48.99,7.76,-22.66,
BDWF,40,5,5,A77,H7,eyeball01,A77,0.231,0.55,2.08,16.9,49.99,6.67,-22.11,
BDWF,40,6,4,A78,H8,eyeball01,A78,0.05,0.13,0.48,18.39,53.5,3.97,-21.98,
BDWF,40,7,3,A79,H9,eyeball01,A79,0.16,0.36,1.37,16.05,47.34,5.81,-21.89,
BDWF,40,8,2,A80,H10,eyeball01,A80,0.07,0.16,0.62,16.37,49.39,5.35,-22,
BDWF,40,9,1,B01,A5,eyeball02,B01,0.101,1.17,2.79,16.52,49.42,5.22,-22.69,
BDWF,40,10,0,B02,A6,eyeball02,B02,0.04,0.44,1.07,15.68,47.72,5.77,-23.28,
BDWF,46,1,8,B03,A7,eyeball02,B03,0.408,4.82,5.32,16.8,50.55,11.77,-21.95,
BDWF,46,2,7,B04,A8,eyeball02,B04,0.322,3.73,4.1,16.47,49.32,9.19,-22.07,
BDWF,46,3,6,B05,A9,eyeball02,B05,0.335,3.97,4.39,16.85,50.74,9.34,-21.56,
BDWF,46,4,5,B06,A10,eyeball02,B06,0.323,3.84,4.18,16.92,50.13,7.48,-22,
BDWF,46,5,4,B07,A11,eyeball02,B07,0.205,2.42,5.69,16.81,49.77,6.22,-22.07,
BDWF,46,6,3,B08,A12,eyeball02,B08,0.107,1.23,2.93,16.39,49.04,5.71,-22.37,
BDWF,46,7,2,B09,B1,eyeball02,B09,0.061,0.68,1.63,15.79,47.95,6.87,-22.7,
BDWF,46,8,1,B10,B2,eyeball02,B10,0.033,0.3,0.75,12.97,40.46,5.95,-22.45,
BDWF,46,9,0,B11,B4,eyeball02,B11,0.068,0.78,1.85,16.32,48.68,6.73,-22.81,
LSCS,40,1,2,B12,B5,eyeball02,B12,0.307,3.62,3.96,16.75,50.01,12.6,-23.17,
LSCS,40,2,1,B13,B6,eyeball02,B13,0.582,7.03,7.61,17.17,50.7,10.85,-24.1,
LSCS,40,3,0,B14,B7,eyeball02,B14,0.453,5.48,5.93,17.22,50.73,10.54,-23.66,
BDWF,45-2,1,8,B15,B8,eyeball02,B15,0.51,6.05,6.78,16.87,51.54,10.25,-22.43,
BDWF,45-2,2,7,B16,B9,eyeball02,B16,0.629,7.59,8.39,17.16,51.71,9.87,-21.15,
BDWF,45-2,3,6,B17,B10,eyeball02,B17,0.412,4.68,5.12,16.16,48.16,7.85,-21.67,
BDWF,45-2,4,5,B18,B11,eyeball02,B18,0.327,3.92,4.29,17.06,50.84,8.65,-22.02,
BDWF,45-2,5,4,B19,B12,eyeball02,B19,0.271,3.25,7.62,17.08,50.41,6.93,-22.34,
BDWF,45-2,6,3,B20,C1,eyeball02,B20,0.151,1.75,4.14,16.52,49.15,5.8,-22.34,
BDWF,45-2,7,2,B21,C4,eyeball02,B21,0.048,0.49,1.18,14.55,44.13,4.74,-22.75,
BDWF,45-2,8,1,B22,C5,eyeball02,B22,0.044,0.48,1.19,15.58,48.64,4.43,-24.32,
BDWF,45-2,9,0,B23,C6,eyeball02,B23,0.014,0.12,0.32,11.89,41.22,5.86,-24.04,
BDWF,45,1,10,B24,C7,eyeball02,B24,0.347,3.99,4.48,16.37,50,10.32,-22.41,
BDWF,45,2,9,B25,C8,eyeball02,B25,0.684,8.23,9.07,17.11,51.41,10.66,-21.75,
BDWF,45,3,8,B26,C9,eyeball02,B26,0.397,4.61,5.08,16.51,49.59,10.68,-21.93,
BDWF,45,4,7,B27,C10,eyeball02,B27,0.42,4.94,5.43,16.74,50.1,10.11,-20.79,
BDWF,45,5,6,B28,C11,eyeball02,B28,0.522,6.3,6.87,17.15,51,9.4,-21.21,
BDWF,45,6,5,B29,C12,eyeball02,B29,0.572,6.94,7.53,17.26,51.01,8.3,-21.85,
BDWF,45,7,4,B30,D1,eyeball02,B30,0.264,3.13,7.35,16.85,49.88,7.84,-22.19,
BDWF,45,8,3,B31,D3,eyeball02,B31,0.225,2.71,6.37,17.15,50.76,5.9,-22.39,
BDWF,45,9,2,B32,D4,eyeball02,B32,0.065,0.73,1.74,15.95,48.06,5.65,-22.17,
BDWF,45,10,1,B33,D5,eyeball02,B33,0.111,1.23,2.9,15.8,46.89,5.14,-22.88,
BDWF,45,11,0,B34,D6,eyeball02,B34,0.066,0.72,1.72,15.47,46.68,4.63,-24.52,
LSCS,42,1,4,B35,D7,eyeball02,B35,0.687,8.32,9.09,17.23,51.28,11.97,-24.05,
LSCS,42,2,3,B36,D8,eyeball02,B36,0.458,5.34,5.84,16.59,49.44,12.03,-24.09,
LSCS,42,3,2,B37,D9,eyeball02,B37,0.348,4.13,4.52,16.89,50.38,11.89,-23.61,
LSCS,42,4,1,B38,D10,eyeball02,B38,0.442,5.2,5.66,16.72,49.67,10.94,-24.04,
LSCS,42,5,0,B39,D11,eyeball02,B39,0.579,7,7.54,17.19,50.48,7.52,-24.9,
BDWF,44,1,8,B40,D12,eyeball02,B40,0.456,5.46,6.08,17.02,51.66,9.71,-23.43,
BDWF,44,2,7,B41,E3,eyeball02,B41,0.533,6.38,7,17.01,50.91,9.93,-23.73,
BDWF,44,3,6,B42,E4,eyeball02,B42,0.264,3.11,7.45,16.78,50.58,8.32,-23.08,
BDWF,44,4,5,B43,E5,eyeball02,B43,0.644,7.75,8.39,17.12,50.47,8.07,-21.84,
BDWF,44,5,4,B44,E6,eyeball02,B44,0.422,5,5.46,16.84,50.19,7.68,-20.49,
BDWF,44,6,3,B45,E7,eyeball02,B45,0.447,5.36,5.85,17.04,50.76,9.82,-21.99,
BDWF,44,7,2,B46,E8,eyeball02,B46,0.263,3.12,7.36,16.89,50.14,8.73,-22.56,
BDWF,44,9,0,B47,E9,eyeball02,B47,0.122,1.45,3.44,16.93,50.51,7.99,-22.96,
LSCS,44,1,5,B48,E10,eyeball02,B48,0.539,5.28,5.85,13.94,42.1,11.29,-23.26,
LSCS,44,2,4,B49,E11,eyeball02,B49,0.6,7.25,7.88,17.19,50.91,10.6,-24.92,
LSCS,44,3,3,B50,E12,eyeball02,B50,0.47,5.66,6.19,17.14,51.08,9.18,-24.77,
LSCS,44,4,2,B51,F2,eyeball02,B51,0.152,1.78,4.22,16.68,49.79,8.24,-25.69,
LSCS,44,5,1,B52,F3,eyeball02,B52,0.259,3.04,7.17,16.71,49.64,10.25,-26.53,
LSCS,44,6,0,B53,F4,eyeball02,B53,0.213,2.52,5.94,16.86,49.96,8.92,-26.48,
HBWF,33,1,4,B54,F5,eyeball02,B54,0.375,4.53,5.03,17.19,52,10.93,-22.88,
HBWF,33,2,3,B55,F6,eyeball02,B55,0.318,3.76,4.16,16.8,50.68,10.83,-22.19,
HBWF,33,3,2,B56,F7,eyeball02,B56,0.46,5.37,5.89,16.61,49.64,9.55,-23.41,
HBWF,33,4,1,B57,F8,eyeball02,B57,0.613,7.37,7.97,17.1,50.42,9.61,-27.01,
HBWF,33,5,0,B58,F9,eyeball02,B58,0.463,5.53,5.99,16.98,50.16,6.92,-29.63,
LSCS,38,1,9,B59,F10,eyeball02,B59,0.549,6.57,7.34,17.02,51.8,12.46,-22.41,
LSCS,38,2,8,B60,F11,eyeball02,B60,0.354,4.22,4.66,16.94,51.06,11.27,-23.19,
LSCS,38,3,7,B61,G2,eyeball02,B61,0.438,5.22,5.74,16.96,50.77,12.21,-22.79,
LSCS,38,4,6,B62,G3,eyeball02,B62,0.372,4.38,4.8,16.74,50.01,9.61,-21.43,
LSCS,38,5,5,B63,G4,eyeball02,B63,0.352,4.23,4.63,17.08,51.03,10.99,-22.98,
LSCS,38,6,4,B64,G5,eyeball02,B64,0.345,4.01,4.4,16.54,49.45,11.61,-23.6,
LSCS,38,7,3,B65,G6,eyeball02,B65,0.165,1.95,2.15,16.77,50.44,9.28,-22.54,
LSCS,38,8,2,B66,G7,eyeball02,B66,0.115,1.31,3.1,16.19,48.28,8.18,-23.11,
LSCS,38,9,1,B67,G8,eyeball02,B67,0.081,0.92,2.21,16.19,48.9,8.01,-24.24,
LSCS,38,10,0,B68,G9,eyeball02,B68,0.092,1.07,2.56,16.59,49.77,7.3,-24.37,
BDWF,41,1,6,B69,G10,eyeball02,B69,0.321,3.81,9.14,16.86,51.03,9.5,-21.41,
BDWF,41,2,5,B70,G11,eyeball02,B70,0.375,4.5,4.98,17.05,51.49,9.49,-21.39,
BDWF,41,3,4,B71,H1,eyeball02,B71,0.679,8.16,19.14,17.08,50.51,8.31,-20.95,
BDWF,41,4,3,B72,H2,eyeball02,B72,0.634,7.61,8.25,17.06,50.44,9.2,-22.86,
BDWF,41,5,2,B73,H3,eyeball02,B73,0.228,2.68,2.97,16.69,50.46,6.75,-22.24,
BDWF,41,6,1,B74,H4,eyeball02,B74,0.301,3.6,,17.03,,5.51,,
BDWF,41,7,0,B75,H5,eyeball02,B75,0.042,0.48,0.54,16.12,49.93,7.01,-22.09,
BDWF,42,1,6,B76,H6,eyeball02,B76,0.459,5.43,13.04,16.82,50.9,10.01,-21.44,
BDWF,42,2,5,B77,H7,eyeball02,B77,0.458,5.46,5.99,16.94,50.73,8.83,-21.62,
BDWF,42,3,4,B78,H8,eyeball02,B78,0.464,5.56,6.1,17.05,50.95,8.56,-21.66,
BDWF,42,4,3,B79,H9,eyeball02,B79,0.346,4.1,4.5,16.86,50.46,10.54,-21.24,
BDWF,42,5,2,B80,H10,eyeball02,B80,0.306,3.65,4,16.98,50.7,7.97,-20.43,
BDWF,38,8,3,C01,A5,eyeball03,C01,0.631,1.59,9.84,16.13,49.71,8.16,-22.74,
BDWF,38,7,4,C02,A6,eyeball03,C02,0.133,0.35,2.01,16.57,48.13,7.22,-22.15,
LSCS,36,7,3,C03,A7,eyeball03,C03,0.205,0.58,3.39,18.19,52.65,10.97,-26.16,
BDWF,38,6,5,C04,A8,eyeball03,C04,0.388,1.04,6.16,17.05,50.64,8.12,-22.09,
BDWF,38,5,6,C05,A9,eyeball03,C05,0.361,0.96,5.7,16.95,50.31,8.36,-22.53,
BDWF,38,3,8,C06,A10,eyeball03,C06,0.544,1.44,8.85,16.95,51.88,7.77,-22.31,
BDWF,38,2,9,C07,A11,eyeball03,C07,0.412,1.12,6.78,17.31,52.48,10.02,-21.03,
BDWF,38,1,10,C08,A12,eyeball03,C08,0.491,1.34,8.3,17.39,53.88,9.26,-21.27,
LSCS,36,6,4,C09,B1,eyeball03,C09,0.395,1.1,6.5,17.7,52.48,10.53,-25.43,
LSCS,36,5,5,C10,B2,eyeball03,C10,0.369,1.04,6.18,18.05,53.36,12.63,-24.41,
LSCS,36,4,6,C11,B4,eyeball03,C11,0.486,1.32,7.93,17.33,51.99,13.4,-23.89,
LSCS,36,3,7,C12,B5,eyeball03,C12,0.354,0.7,4.09,12.61,36.8,12.42,-22.38,
BDWF,42,7,0,C13,B6,eyeball03,C13,0.066,0.2,1.14,19.06,55.06,5.32,-21.16,
BDWF,42,6,1,C14,B7,eyeball03,C14,0.239,0.64,3.68,17.1,49.14,6.87,-20.53,
LSCS,36,2,8,C15,B8,eyeball03,C15,0.357,0.92,5.45,16.42,48.62,14.1,-22.12,
LSCS,36,1,9,C16,B9,eyeball03,C16,0.531,1.4,8.65,16.79,51.95,14.44,-22.6,
BDWF,38,11,0,C17,B10,eyeball03,C17,0.279,0.95,5.52,21.7,63.06,5.33,-23.15,
BDWF,38,10,1,C18,B11,eyeball03,C18,0.126,0.34,1.94,17.18,49.18,6.3,-21.69,
BDWF,38,9,2,C19,B12,eyeball03,C19,0.312,0.83,4.79,16.89,48.97,8.34,-22.21,
BDWF,43,4,5,C20,C1,eyeball03,C20,0.524,1.43,8.58,17.46,52.2,7.74,-25.79,
BDWF,43,5,4,C21,C4,eyeball03,C21,0.477,1.3,7.7,17.39,51.48,7.24,-26.69,
BDWF,43,6,3,C22,C5,eyeball03,C22,0.139,0.39,2.21,17.78,50.75,5.66,-26.17,
BDWF,43,7,2,C23,C6,eyeball03,C23,0.123,0.29,1.66,15.01,42.92,5.35,-26.15,
BDWF,43,8,1,C24,C7,eyeball03,C24,0.161,0.43,2.44,16.9,48.27,5.56,-27.08,
BDWF,43,9,0,C25,C8,eyeball03,C25,0.143,0.33,1.9,14.78,42.31,5.33,-27.34,
LSCS,37,1,3,C26,C9,eyeball03,C26,0.54,1.39,8.46,16.4,49.96,12.78,-23.24,
LSCS,37,2,2,C27,C10,eyeball03,C27,0.452,1.2,7.16,16.98,50.46,10.31,-21.94,
LSCS,37,3,1,C28,C11,eyeball03,C28,0.494,1.34,7.96,17.28,51.37,11.15,-22.68,
LSCS,37,4,0,C29,C12,eyeball03,C29,0.209,0.54,3.09,16.44,47.19,8.77,-22.85,
HBWF,30-2,11,0,C30,D1,eyeball03,C30,0.115,0.28,1.63,15.77,45.16,6.19,-24.23,
BDWF,39,1,5,C31,D3,eyeball03,C31,0.391,0.93,5.49,15.11,44.76,8.94,-22.49,
BDWF,39,2,4,C32,D4,eyeball03,C32,0.478,1.29,7.69,17.2,51.25,8.46,-22.96,
BDWF,39,3,3,C33,D5,eyeball03,C33,0.521,1.41,8.43,17.3,51.55,7.9,-23.04,
BDWF,39,4,2,C34,D6,eyeball03,C34,0.297,0.64,3.71,13.8,39.79,8.14,-23.2,
BDWF,37,5,,C35,D7,eyeball03,C35,0.117,0.3,1.73,16.54,47.08,7.13,-23.09,
BDWF,39,6,0,C36,D8,eyeball03,C36,0.356,0.98,5.73,17.63,51.29,5.63,-25.48,
BDWF,43,1,8,C37,D9,eyeball03,C37,0.524,1.41,8.57,17.17,52.12,8.95,-20.56,
BDWF,43,2,7,C38,D10,eyeball03,C38,0.41,1.09,6.46,16.96,50.21,7.24,-23.22,
BDWF,43,3,6,C39,D11,eyeball03,C39,0.438,1.1,6.51,16.05,47.38,7.05,-24.48,
HBWF,30-2,1,10,C40,D12,eyeball03,C40,0.425,1.14,6.96,17.1,52.18,11.26,-21.42,
HBWF,30-2,2,9,C41,E3,eyeball03,C41,0.282,0.75,4.47,17.08,50.54,11.63,-22.48,
HBWF,30-2,4,7,C42,E4,eyeball03,C42,0.279,0.65,3.75,14.76,42.84,10.23,-22.68,
HBWF,30-2,5,6,C43,E5,eyeball03,C43,0.435,1.16,6.89,17.03,50.49,11.41,-23.55,
HBWF,30-2,3,8,C44,E6,eyeball03,C44,0.234,0.56,3.27,15.26,44.56,11.47,-22.84,
HBWF,30-2,6,5,C45,E7,eyeball03,C45,0.287,0.77,4.49,17.07,49.88,10.66,-23.09,
HBWF,30-2,7,4,C46,E8,eyeball03,C46,0.311,0.81,4.7,16.55,48.17,9.79,-22.6,
HBWF,30-2,8,3,C47,E9,eyeball03,C47,0.348,0.9,5.38,16.46,49.28,9.27,-22.48,
HBWF,30-2,9,2,C48,E10,eyeball03,C48,0.243,0.65,3.83,17.14,50.22,8.69,-23.11,
HBWF,30-2,10,1,C49,E11,eyeball03,C49,0.341,0.99,5.8,18.45,54.18,6.57,-23.93,
ARCS,12-2,8,1,C50,E12,eyeball03,C50,0.08,0.1,0.61,8.3,24.11,2.83,-25.56,
ARCS,12-2,9,0,C51,F2,eyeball03,C51,0.083,0.13,0.76,10.08,29.15,9.06,-22.31,"Samples may have gotten mixed up in this last row, though we think we have it figured out"
ARCS,13-2,1,8,C52,F3,eyeball03,C52,0.409,1.01,6.04,15.8,47.11,12.88,-24.88,"Samples may have gotten mixed up in this last row, though we think we have it figured out"
ARCS,13-2,2,7,C53,F4,eyeball03,C53,0.389,1.06,6.41,17.39,52.53,13.59,-23.79,"Samples may have gotten mixed up in this last row, though we think we have it figured out"
ARCS,13-2,3,6,C54,F5,eyeball03,C54,0.542,1.47,8.93,17.3,52.54,14.13,-24.6,"Samples may have gotten mixed up in this last row, though we think we have it figured out"
ARCS,13-2,4,5,C55,F6,eyeball03,C55,0.329,0.86,5.04,16.71,48.87,12.36,-23.14,"Samples may have gotten mixed up in this last row, though we think we have it figured out"
ARCS,13-2,9,0,C56,F7,eyeball03,C56,0.475,1.29,7.74,17.4,51.93,11.63,-24.19,"Samples may have gotten mixed up in this last row, though we think we have it figured out"
ARCS,13-2,6,3,C57,F8,eyeball03,C57,0.303,0.75,4.36,15.83,45.86,9.73,-25.75,"Samples may have gotten mixed up in this last row, though we think we have it figured out"
LSCS,32,5,,C58,F9,eyeball03,C58,0.007,0,0.02,0,10.47,,-27.12,"very small sample; Samples may have gotten mixed up in this last row, though we think we have it figured out"
ARCS,13-2,7,2,C59,F10,eyeball03,C59,0.184,0.48,2.75,16.66,47.68,7.03,-27.66,"Samples may have gotten mixed up in this last row, though we think we have it figured out"
ARCS,13-2,8,1,C60,F11,eyeball03,C60,0.364,1.05,6.22,18.47,54.5,11.04,-24.1,"Samples may have gotten mixed up in this last row, though we think we have it figured out"
ARCS,10-2,5,,D01,A5,eyeball04,D01,0.666,1.77,9.09,17.33,53.84,11.56,-25.12,
ARCS,1-2,4,4,D02,A6,eyeball04,D02,0.64,1.75,8.9,17.8,54.86,10.22,-25.67,
ARCS,2-2,2,5,D03,A7,eyeball04,D03,0.542,1.45,7.24,17.4,52.67,13.15,-23.32,
ARCS,2-2,1,6,D04,A8,eyeball04,D04,0.458,1.23,6.18,17.46,53.21,11.81,-23.73,
ARCS,14-2,7,0,D05,A9,eyeball04,D05,0.19,0.53,2.54,18.13,52.69,8.06,-29.13,
LSCS,36,8,2,D06,A10,eyeball04,D06,0.346,0.95,4.6,17.79,52.4,12.27,-25.35,
ARCS,14-2,6,1,D07,A11,eyeball04,D07,0.099,0.26,1.24,17.17,49.52,9.41,-27.71,
LSCS,36,9,1,D08,A12,eyeball04,D08,0.318,0.86,4.15,17.67,51.47,10.13,-24.52,
ARCS,14-2,5,2,D09,B1,eyeball04,D09,0.376,1.07,5.22,18.5,54.72,10.57,-25.41,
LSCS,36,10,0,D10,B2,eyeball04,D10,0.093,0.25,1.16,17.23,49.28,8.34,-27.32,
ARCS,14-2,4,3,D11,B4,eyeball04,D11,0.424,1.11,5.4,16.97,50.27,12.24,-24.92,
ARCS,14-2,1,6,D12,B5,eyeball04,D12,0.531,1.42,7.11,17.39,52.79,12.65,-22.31,
ARCS,14-2,3,4,D13,B6,eyeball04,D13,0.633,1.65,8.24,17.01,51.31,11.98,-24.24,
ARCS,14-2,2,5,D14,B7,eyeball04,D14,0.325,0.88,4.27,17.68,51.85,12.36,-23.14,
ARCS,1-2,6,3,D15,B8,eyeball04,D15,0.463,1.24,6.06,17.47,51.6,10.39,-23.96,
ARCS,11-2,5,3,D16,B9,eyeball04,D16,0.284,0.92,4.38,20.98,60.86,9.86,-22.79,
ARCS,11-2,4,4,D17,B10,eyeball04,D17,0.634,1.7,8.42,17.45,52.37,11.92,-23.17,
ARCS,11-2,3,5,D18,B11,eyeball04,D18,0.436,1.04,5,15.46,45.27,10.98,-24.24,
ARCS,11-2,1,7,D19,B12,eyeball04,D19,0.549,0.97,4.76,11.53,34.17,13.11,-23.08,
ARCS,11-2,2,6,D20,C1,eyeball04,D20,0.471,1.26,6.19,17.46,51.85,11.33,-23.09,
ARCS,9-2,8,0,D21,C4,eyeball04,D21,0.071,0.02,0.12,2.2,6.83,0.47,-29.36,
ARCS,9-2,7,1,D22,C5,eyeball04,D22,0.144,0.44,2.06,19.67,56.34,5.16,-28.77,
ARCS,9-2,6,2,D23,C6,eyeball04,D23,0.086,0.23,1.1,17.49,50.59,5.02,-26.67,
ARCS,9-2,5,3,D24,C7,eyeball04,D24,0.197,0.48,2.26,15.74,45.29,6.51,-26.59,
ARCS,9-2,4,4,D25,C8,eyeball04,D25,0.229,0.6,2.85,17.04,49.16,8.31,-25.55,
ARCS,9-2,1,7,D26,C9,eyeball04,D26,0.361,1.02,4.98,18.37,54.45,12.65,-22.31,
ARCS,2-2,7,0,D27,C10,eyeball04,D27,0.073,0.18,0.86,15.97,46.52,6.94,-31.44,
ARCS,2-2,6,1,D28,C11,eyeball04,D28,0.138,0.37,1.76,17.41,50.16,6.69,-31.76,
ARCS,2-2,5,2,D29,C12,eyeball04,D29,0.302,0.85,4.06,18.35,53.08,9.18,-27.32,
ARCS,1-2,3,5,D30,D1,eyeball04,D30,0.334,0.92,4.46,18,52.67,10.22,-25.33,
ARCS,12-2,7,2,D31,D3,eyeball04,D31,0.184,0.47,2.24,16.53,47.93,4.33,-25.38,
ARCS,12-2,6,3,D32,D4,eyeball04,D32,0.212,0.52,2.46,15.88,45.84,7.13,-25.99,
ARCS,12-2,5,4,D33,D5,eyeball04,D33,0.45,1.21,5.82,17.44,51.05,9.93,-25.28,
ARCS,12-2,4,5,D34,D6,eyeball04,D34,0.44,1.18,5.68,17.39,50.91,11.32,-24.42,
ARCS,12-2,3,6,D35,D7,eyeball04,D35,0.367,0.98,4.72,17.34,50.74,11.98,-23.48,
ARCS,12-2,2,7,D36,D8,eyeball04,D36,0.537,1.22,5.99,14.78,44.02,12.4,-22.8,
ARCS,12-2,1,8,D37,D9,eyeball04,D37,0.543,0.98,4.79,11.69,34.76,12.19,-22.99,
ARCS,11-2,8,0,D38,D10,eyeball04,D38,0.051,0.23,1.08,28.73,83.52,8.46,-30.03,
ARCS,11-2,7,1,D39,D11,eyeball04,D39,0.207,0.55,2.62,17.24,49.98,8.02,-28.59,
ARCS,11-2,6,2,D40,D12,eyeball04,D40,0.217,0.52,2.46,15.46,44.66,8.67,-25.45,
ARCS,9-2,3,5,D41,E3,eyeball04,D41,0.465,1.3,6.32,18.22,53.57,9.64,-24,
ARCS,9-2,2,6,D42,E4,eyeball04,D42,0.291,0.79,3.77,17.59,51.13,12.13,-23.38,
ARCS,2-2,4,3,D43,E5,eyeball04,D43,0.165,0.43,2.06,17.09,49.27,10.87,-23.74,
ARCS,2-2,3,4,D44,E6,eyeball04,D44,0.298,0.79,3.8,17.31,50.28,11.45,-23.36,
ARCS,8-2,8,3,D45,E7,eyeball04,D45,0.296,0.7,3.32,15.29,44.2,7.07,-29.9,
ARCS,8-2,9,2,D46,E8,eyeball04,D46,0.193,0.48,2.26,16.1,46.25,5.78,-30.84,
ARCS,8-2,10,1,D47,E9,eyeball04,D47,0.055,0.11,0.55,13.5,39.59,5.93,-31.92,
ARCS,8-2,11,0,D48,E10,eyeball04,D48,0.08,0.2,0.94,16.12,46.49,7.13,-33.02,
ARCS,8-2,2,9,D49,E11,eyeball04,D49,0.644,1.71,8.49,17.25,52.02,10.88,-23.48,
ARCS,1-2,7,2,D50,E12,eyeball04,D50,0.257,0.65,3.13,16.55,47.96,8.88,-27.2,
ARCS,1-2,8,1,D51,F2,eyeball04,D51,0.223,0.58,2.77,16.91,48.99,7.03,-30.23,
ARCS,1-2,2,6,D52,F3,eyeball04,D52,0.381,1,4.84,17.04,50.13,,-24.44,
ARCS,1-2,9,0,D53,F4,eyeball04,D53,0.074,0.17,0.79,14.79,42.32,6.94,-31.85,
ARCS,8-2,1,10,D54,F5,eyeball04,D54,0.413,0.85,4.15,13.39,39.63,12.46,-22.59,
ARCS,1-2,1,7,D55,F6,eyeball04,D55,0.448,1.27,6.29,18.43,55.34,12.17,-22.88,
ARCS,8-2,6,5,D56,F7,eyeball04,D56,0.396,1.03,4.97,16.91,49.48,10.54,-23.79,
ARCS,8-2,5,6,D57,F8,eyeball04,D57,0.591,1.57,7.71,17.29,51.44,11.25,-25.92,
ARCS,8-2,7,4,D58,F9,eyeball04,D58,0.486,1.29,6.3,17.34,51.1,9.49,-25.7,
ARCS,8-2,4,7,D59,F10,eyeball04,D59,0.582,1.54,7.57,17.18,51.27,9.89,-26.62,
ARCS,8-2,3,8,D60,F11,eyeball04,D60,0.42,1.04,5.07,16.11,47.61,9.96,-24.29,
BDWF,114,1,,E01,A5,eyeball05,E01,0.656,1.59,8.83,13.85,41.48,7.94,-22.13,
BDWF,114,4,,E02,A6,eyeball05,E02,0.052,0.15,0.77,16.1,45.69,5.75,-24.94,
BDWF,122,3,,E03,A7,eyeball05,E03,0.495,1.2,6.52,13.95,40.59,8.15,-21.17,
BDWF,122,7,,E04,A8,eyeball05,E04,0.074,0.21,1.04,16.12,43.39,6.48,-22.81,
BDWF,92,2,,E05,A9,eyeball05,E05,0.371,1.11,5.85,17.15,48.57,7.2,-21.98,
BDWF,92,6,,E06,A10,eyeball05,E06,0.242,0.74,3.84,17.58,48.93,5.87,-22.7,
BDWF,124,1,,E07,A11,eyeball05,E07,0.48,1.46,7.79,17.38,50.04,9.53,-21.74,
BDWF,124,4,,E08,A12,eyeball05,E08,0.303,0.92,4.77,17.37,48.48,9.47,-21.85,
BDWF,60,2,,E09,B1,eyeball05,E09,0.554,1.68,8.81,17.43,49.03,7.22,-23.84,
BDWF,60,3,,E10,B2,eyeball05,E10,0.236,0.71,3.63,17.22,47.41,7.85,-23.91,
BDWF,90,1,,E11,B4,eyeball05,E11,0.404,1.16,6.09,16.43,46.43,10.36,-21.38,
BDWF,90,5,,E12,B5,eyeball05,E12,0.394,1.18,6.03,17.21,47.15,6.23,-23.14,
BDWF,103,2,,E13,B6,eyeball05,E13,0.369,1.1,5.65,17.12,47.17,9.72,-21.43,
BDWF,103,5,,E14,B7,eyeball05,E14,0.214,0.63,3.1,16.88,44.64,6.75,-22.89,
BDWF,104,1,,E15,B8,eyeball05,E15,0.34,1,5.14,16.8,46.59,8.94,-22.9,
BDWF,104,3,,E16,B9,eyeball05,E16,0.29,0.82,4.09,16.17,43.41,10.12,-22.91,
BDWF,55,2,,E17,B10,eyeball05,E17,0.605,1.79,9.05,16.92,46.12,7.38,-22.65,
BDWF,55,4,,E18,B11,eyeball05,E18,0.103,0.27,1.24,14.92,37.19,6.07,-24.27,
BDWF,84,3,,E19,B12,eyeball05,E19,0.369,1.05,5.23,16.27,43.7,8.8,-22.46,
BDWF,84,6,,E20,C1,eyeball05,E20,0.231,0.66,3.23,16.46,43.06,6.45,-22.65,
BDWF,102,1,,E21,C4,eyeball05,E21,0.265,0.77,3.82,16.59,44.42,9,-23.55,
BDWF,102,2,,E22,C5,eyeball05,E22,0.544,1.1,5.53,11.64,31.34,7.67,-23.29,
BDWF,71,2,,E23,C6,eyeball05,E23,0.7,2.07,10.67,16.95,46.98,9.65,-21.62,
BDWF,71,5,,E24,C7,eyeball05,E24,0.498,1.5,7.71,17.26,47.69,8.88,-21.34,
BDWF,48,1,,E25,C8,eyeball05,E25,0.634,1.89,10.14,17.06,49.31,9.65,-21.59,
BDWF,48,5,,E26,C9,eyeball05,E26,0.594,1.8,9.49,17.39,49.21,7.87,-23.15,
BDWF,68,1,,E27,C10,eyeball05,E27,0.499,1.49,7.98,17.1,49.27,8.11,-23.48,
BDWF,68,4,,E28,C11,eyeball05,E28,0.215,0.65,3.36,17.41,48.19,4.76,-30.3,
BDWF,61,2,,E29,C12,eyeball05,E29,0.594,1.82,9.72,17.55,50.41,7.55,-23.24,
BDWF,61,3,,E30,D1,eyeball05,E30,0.384,1.06,5.66,15.75,45.46,7.87,-24.42,
BDWF,57,1,,E31,D3,eyeball05,E31,0.42,1.24,6.85,16.98,50.28,9.07,-22.4,
BDWF,57,5,,E32,D4,eyeball05,E32,0.19,0.57,3.01,17.26,48.82,9.54,-25.77,
LSCS,141,1,,E33,D5,eyeball05,E33,0.176,0.52,2.8,16.94,49.03,11.63,-23.7,
LSCS,141,6,,E34,D6,eyeball05,E34,0.356,1.09,5.84,17.47,50.52,9.99,-25.95,
LSCS,121,3,,E35,D7,eyeball05,E35,0.45,1.38,7.53,17.6,51.57,10.66,-22.84,
LSCS,121,5,,E36,D8,eyeball05,E36,0.474,1.45,7.89,17.49,51.31,7.39,-26.98,
LSCS,96,2,,E37,D9,eyeball05,E37,0.581,1.78,10.01,17.6,53.08,11.98,-23.53,
LSCS,96,5,,E38,D10,eyeball05,E38,0.294,0.89,4.92,17.36,51.53,8.72,-21.91,
BDWF,63,4,,E39,D11,eyeball05,E39,0.141,0.43,2.35,17.65,51.28,6.9,-22.57,
BDWF,63,6,,E40,D12,eyeball05,E40,0.027,0.09,0.46,18.9,52.16,6.72,-21.09,
LSCS,146,1,,E41,E3,eyeball05,E41,0.278,0.86,4.94,17.78,54.78,11.95,-23.79,
LSCS,146,5,,E42,E4,eyeball05,E42,0.593,1.82,10.44,17.61,54.24,10.41,-26.61,
LSCS,153,2,,E43,E5,eyeball05,E43,0.314,0.86,4.99,15.63,49.01,12.66,-23.89,
LSCS,153,7,,E44,E6,eyeball05,E44,0.142,0.43,2.43,17.44,52.8,7.16,-23.05,
LSCS,48,3,,E45,E7,eyeball05,E45,0.592,1.84,10.65,17.78,55.43,11.9,-24.64,
LSCS,48,5,,E46,E8,eyeball05,E46,0.086,0.26,1.46,17.47,52.39,6.93,-29.22,
LSCS,155,2,,E47,E9,eyeball05,E47,0.61,1.75,10.24,16.4,51.75,11.6,-23.53,
LSCS,155,4,,E48,E10,eyeball05,E48,0.289,0.82,4.76,16.25,50.79,9.59,-22.66,
LSCS,55,2,,E49,E11,eyeball05,E49,0.593,1.83,10.78,17.65,56.04,13.04,-22.75,
LSCS,55,5,,E50,E12,eyeball05,E50,0.39,1.21,7.07,17.8,55.87,9.93,-25.31,
LSCS,124,1,,E51,F2,eyeball05,E51,0.45,1.37,8.34,17.47,57.11,12.14,-22.88,
LSCS,124,7,,E52,F3,eyeball05,E52,0.317,0.95,5.58,17.24,54.22,9.55,-27.65,
LSCS,109,2,,E53,F4,eyeball05,E53,0.463,1.39,8.3,17.24,55.24,12.75,-23.96,
LSCS,109,5,,E54,F5,eyeball05,E54,0.441,1.34,7.87,17.46,55,9.45,-24.34,
LSCS,89,1,,E55,F6,eyeball05,E55,0.352,1.06,6.46,17.33,56.54,12.58,-22.18,
LSCS,89,5,,E56,F7,eyeball05,E56,0.368,1.12,6.51,17.39,54.48,9.84,-22.05,
LSCS,66,2,,E57,F8,eyeball05,E57,0.446,1.03,6.04,13.2,41.76,12.92,-23.42,
LSCS,66,4,,E58,F9,eyeball05,E58,0.394,1.12,6.56,16.24,51.28,8.45,-22.61,
LSCS,46,1,,E59,F10,eyeball05,E59,0.375,0.7,4.1,10.7,33.69,13.66,-23.05,
LSCS,46,5,,E60,F11,eyeball05,E60,0.275,0.83,4.76,17.26,53.39,11.18,-22.57,
LSCS,140,3,,E61,G2,eyeball05,E61,0.314,0.96,5.56,17.46,54.6,12.66,-22.59,
LSCS,140,6,,E62,G3,eyeball05,E62,0.444,1.32,7.72,16.99,53.59,11.34,-24.45,
LSCS,57,1,,E63,G4,eyeball05,E63,0.323,1,5.93,17.75,56.57,13.11,-23.58,
LSCS,57,4,,E64,G5,eyeball05,E64,0.304,0.89,5.21,16.86,52.79,11.63,-24.31,
BDWF,106,3,,E65,G6,eyeball05,E65,0.141,0.41,2.33,16.75,50.97,12.44,-24.1,
BDWF,106,2,,E66,G7,eyeball05,E66,0.146,0.42,2.41,16.65,50.85,8.17,-22.29,
BDWF,54,1,,E67,G8,eyeball05,E67,0.335,1.01,5.96,17.2,54.79,10.4,-21.41,
BDWF,54,3,,E68,G9,eyeball05,E68,0.32,0.92,5.42,16.5,52.24,9.53,-23.16,
LSCS,97,2,,E69,G10,eyeball05,E69,0.653,1.97,11.77,17.27,55.55,11.4,-23.26,
LSCS,97,4,,E70,G11,eyeball05,E70,0.086,0.26,1.46,17.07,52.17,8.09,-24.5,
LSCS,110,1,,E71,H1,eyeball05,E71,0.45,1.38,8.33,17.56,57.04,13.32,-23.06,
LSCS,110,4,,E72,H2,eyeball05,E72,0.306,0.92,5.44,17.14,54.75,9.9,-23.33,
BDWF,95,1,,E73,H3,eyeball05,E73,0.428,1.29,7.93,17.27,57.11,10.53,-20.88,
BDWF,95,7,,E74,H4,eyeball05,E74,0.422,1.27,7.54,17.24,55.06,6.52,-21.29,
HBWF,98,2,,E75,H5,eyeball05,E75,0.393,1.16,6.99,16.95,54.79,10.8,-22.18,
HBWF,98,5,,E76,H6,eyeball05,E76,0.487,1.45,8.62,17.05,54.52,8.13,-22.2,
HBWF,47,1,,E77,H7,eyeball05,E77,0.557,1.67,10.29,17.18,56.92,10.76,-22.82,
HBWF,47,4,,E78,H8,eyeball05,E78,0.595,1.76,10.6,16.92,54.92,11.28,-24.78,
HBWF,90,1,,E79,H9,eyeball05,E79,0.407,1.22,7.51,17.12,56.9,11.25,-22.81,
HBWF,90,5,,E80,H10,eyeball05,E80,0.554,1.64,9.82,16.93,54.63,8.84,-24.78,
HBWF,91,1,,F01,A5,eyeball06,F01,0.436,1.21,7.78,14.92,48.26,11.69,-21.67,
HBWF,91,4,,F02,A6,eyeball06,F02,0.537,1.68,10.42,16.75,52.45,7.61,-25.55,
HBWF,74,2,,F03,A7,eyeball06,F03,0.623,1.96,12.19,16.91,53.01,10.63,-24.01,
HBWF,74,7,,F04,A8,eyeball06,F04,0.024,0.06,0.33,13.98,41.69,4.83,-24.24,
HBWF,57,3,,F05,A9,eyeball06,F05,0.381,1.13,6.94,17.08,52.99,9.38,-22.96,
HBWF,57,6,,F06,A10,eyeball06,F06,0.408,1.21,7.4,17.07,52.74,9.1,-24.71,
HBWF,41,2,,F07,A11,eyeball06,F07,0.41,1.22,7.55,17.22,53.81,10.5,-22.71,
HBWF,41,6,,F08,A12,eyeball06,F08,0.427,1.27,7.75,17.33,53.28,8.77,-23.88,
HBWF,53,2,,F09,B1,eyeball06,F09,0.519,1.54,9.38,17.15,52.59,8.39,-22.89,
HBWF,53,4,,F10,B2,eyeball06,F10,0.213,0.61,3.61,17.69,52.72,7.73,-24.79,
HBWF,113,1,,F11,B4,eyeball06,F11,0.685,1.82,11.07,15.53,47.57,11.02,-23.03,
HBWF,113,4,,F12,B5,eyeball06,F12,0.297,0.86,5.1,17.91,53.38,8.42,-23.74,
HBWF,52,1,,F13,B6,eyeball06,F13,0.437,1.25,7.63,17.38,53.49,10.19,-22.5,
HBWF,52,5,,F14,B7,eyeball06,F14,0.468,1.34,7.99,17.37,52.15,9.1,-23.88,
HBWF,97,3,,F15,B8,eyeball06,F15,0.7,2.02,12.11,16.79,50.87,11.04,-23.21,
HBWF,97,6,,F16,B9,eyeball06,F16,0.301,0.87,5.08,18.01,53.04,6.83,-24.67,
LSCS,126,2,,F17,B10,eyeball06,F17,0.436,1.24,7.43,17.5,52.79,12.67,-23.34,
LSCS,126,3,,F18,B11,eyeball06,F18,0.38,1.08,6.35,17.78,52.73,12.85,-23.96,
LSCS,134,2,,F19,B12,eyeball06,F19,0.437,1.19,7.03,17.1,50.86,13.31,-23.23,
LSCS,134,7,,F20,C1,eyeball06,F20,0.338,0.94,5.44,17.97,52.32,9.16,-22.16,
LSCS,47,2,,F21,C4,eyeball06,F21,0.434,1.21,7.05,17.78,52.43,11.52,-23.88,
LSCS,47,5,,F22,C5,eyeball06,F22,0.257,0.71,3.96,18.35,52.06,6.99,-25.08,
ARCS,133,1,,F23,C6,eyeball06,F23,0.385,1,5.94,17.05,51,12.71,-23.01,
ARCS,133,6,,F24,C7,eyeball06,F24,0.119,0.31,1.62,18.57,48.38,7.17,-32.69,
ARCS,29,3,,F25,C8,eyeball06,F25,0.346,0.77,4.37,15.15,43.41,9.27,-24.86,
ARCS,29,5,,F26,C9,eyeball06,F26,0.038,0.09,0.41,16.61,40.43,6.76,-28.46,
ARCS,138,2,,F27,C10,eyeball06,F27,0.647,1.71,9.96,16.82,49.58,12.82,-22.97,
ARCS,138,5,,F28,C11,eyeball06,F28,0.149,0.39,2.01,18.19,47.84,6,-28.23,
ARCS,87,1,,F29,C12,eyeball06,F29,0.508,1.36,8.01,17.35,51.6,12.2,-22.34,
ARCS,87,4,,F30,D1,eyeball06,F30,0.282,0.76,4.3,18.29,52,9.31,-30.46,
ARCS,99,1,,F31,D3,eyeball06,F31,0.435,1.16,6.79,17.5,51.75,12.76,-23.42,
ARCS,99,4,,F32,D4,eyeball06,F32,0.432,1.16,6.71,17.6,51.28,8.92,-25.68,
ARCS,85,2,,F33,D5,eyeball06,F33,0.325,0.87,4.98,17.97,51.95,12.87,-24.05,
ARCS,85,4,,F34,D6,eyeball06,F34,0.334,0.9,5.14,18.15,52.15,8.22,-27.39,
ARCS,119,1,,F35,D7,eyeball06,F35,0.639,1.63,9.55,16.15,47.81,11.38,-22.24,
ARCS,119,4,,F36,D8,eyeball06,F36,0.078,0.21,1.01,19.19,47.38,6.82,-34.05,
ARCS,129,1,,F37,D9,eyeball06,F37,0.517,1.35,7.95,17.12,50.89,11.51,-22.11,
ARCS,129,4,,F38,D10,eyeball06,F38,0.116,0.3,1.51,18.47,47.46,8.38,-32.37,
ARCS,130,1,,F39,D11,eyeball06,F39,0.332,0.8,4.63,16.78,48.91,12.11,-22.53,
ARCS,130,3,,F40,D12,eyeball06,F40,0.296,0.77,4.32,18.05,51.24,8.98,-26.07,
ARCS,55,1,,F41,E3,eyeball06,F41,0.451,1.16,6.64,17.23,49.81,11.81,-29.35,
ARCS,55,3,,F42,E4,eyeball06,F42,0.082,0.21,1.05,19.38,47.86,9.64,-29.05,
ARCS,32,2,,F43,E5,eyeball06,F43,0.684,0.93,5.38,9.43,27.43,12.86,-23.44,
ARCS,32,3,,F44,E6,eyeball06,F44,0.474,1.23,7.1,17.31,50.24,14.1,-25.98,
ARCS,22,2,,F45,E7,eyeball06,F45,0.5,1.32,7.63,17.2,50.35,11.95,-21.91,
ARCS,22,5,,F46,E8,eyeball06,F46,0.316,0.81,4.54,17.47,49.54,8.92,-32.5,
ARCS,62,2,,F47,E9,eyeball06,F47,0.293,0.74,4.16,17.37,49.49,12.14,-23.51,
ARCS,62,6,,F48,E10,eyeball06,F48,0.056,0.14,0.67,19.4,46.15,7.39,-31.82,
ARCS,111,1,,F49,E11,eyeball06,F49,0.638,1.61,9.49,16.48,49,12.74,-23.71,
ARCS,111,4,,F50,E12,eyeball06,F50,0.204,0.32,1.63,11.46,29.48,8.25,-29.51,
ARCS,131,1,,F51,F2,eyeball06,F51,0.483,1.23,7.27,16.97,50.47,13.52,-23.82,
ARCS,131,4,,F52,F3,eyeball06,F52,0.28,0.7,3.91,17.47,49.16,7.05,-28.27,
ARCS,134,2,,F53,F4,eyeball06,F53,0.479,1.23,7.11,17.05,49.91,9.6,-23.73,
ARCS,134,4,,F54,F5,eyeball06,F54,0.171,0.44,2.29,18.43,48.85,5.14,-29.21,
ARCS,145,2,,F55,F6,eyeball06,F55,0.286,0.71,3.99,17.62,49.96,12.17,-23.58,
ARCS,145,5,,F56,F7,eyeball06,F56,0.172,0.39,2.04,16.9,44.37,6.34,-33.68,
ARCS,118,1,,F57,F8,eyeball06,F57,0.438,1.08,6.29,16.93,49.68,11.8,-25.29,
ARCS,118,4,,F58,F9,eyeball06,F58,0.094,0.22,1.07,17.61,43.59,8.73,-32.19,
ARCS,25,1,,F59,F10,eyeball06,F59,0.547,1.27,7.48,15.68,46.74,13.17,-22.54,
ARCS,25,5,,F60,F11,eyeball06,F60,0.089,0.22,1.05,18.36,45.19,6.49,-33.12,
ARCS,100,1,,F61,G2,eyeball06,F61,0.544,1.37,8.03,16.76,49.55,11.42,-22.97,
ARCS,100,3,,F62,G3,eyeball06,F62,0.355,0.91,5.18,17.7,50.72,10.83,-24.05,
HBWF,56,1,,F63,G4,eyeball06,F63,0.401,,,,,,,autosampler malfunction -these 2 samples fell together
HBWF,56,4,,F64,G5,eyeball06,F64,0.404,,,,,,,autosampler malfunction -these 2 samples fell together
HBWF,77,3,,F65,G6,eyeball06,F65,0.399,1.01,5.77,17.31,49.92,9.28,-23.72,
HBWF,77,6,,F66,G7,eyeball06,F66,0.084,0.21,1.02,19.32,46.91,5.5,-23.5,
HBWF,81,2,,F67,G8,eyeball06,F67,0.517,1.23,7.18,16.28,47.85,9.45,-22.44,
HBWF,81,4,,F68,G9,eyeball06,F68,0.351,0.88,4.98,17.47,49.82,6.27,-28.54,
HBWF,101,1,,F69,G10,eyeball06,F69,0.435,1,5.87,15.85,46.83,11.22,-23.32,
HBWF,101,4,,F70,G11,eyeball06,F70,0.159,0.38,1.94,17.69,45.92,6.14,-26.93,
HBWF,82,1,,F71,H1,eyeball06,F71,0.694,1.65,9.79,15.47,46.33,11.26,-22.09,
HBWF,82,4,,F72,H2,eyeball06,F72,0.35,0.81,4.6,15.99,45.83,9.34,-21.73,
HBWF,111,2,,F73,H3,eyeball06,F73,0.581,1.45,8.59,16.34,48.72,12.81,-22.11,
HBWF,111,6,,F74,H4,eyeball06,F74,0.377,0.95,5.41,17.1,49.34,11.35,-22.58,
HBWF,76,1,,F75,H5,eyeball06,F75,0.667,1.54,9.18,14.92,44.85,11.87,-22.28,
HBWF,76,3,,F76,H6,eyeball06,F76,0.694,1.78,10.42,16.14,47.63,9.22,-21.99,
HBWF,67,2,,F77,H7,eyeball06,F77,0.391,1.01,5.86,17.15,50.45,10.25,-21.57,
HBWF,67,4,,F78,H8,eyeball06,F78,0.447,1.12,6.5,16.67,48.86,8.89,-23.36,
HBWF,42,1,,F79,H9,eyeball06,F79,0.5,0.11,0.54,1.74,4.21,9.88,-22.7,
HBWF,42,6,,F80,H10,eyeball06,F80,0.422,0.97,5.53,16.07,46.32,7.45,-28.93,