Photo_ID,Magnification,Conversion_factor,Measurement_pixels,Measurement_um
ARCS_01_,1.61,3.378378378,657.4382,2221.075
ARCS_01_01,1.61,3.378378378,684.2953,2311.808446
ARCS_01_02,1.61,3.378378378,650.5444,2197.785135
ARCS_01_03,1.61,3.378378378,580.9484,1962.663514
ARCS_01_04,1.61,3.378378378,566.7027,1914.536149
ARCS_01_05,1.61,3.378378378,515.7402,1742.365541
ARCS_01_06,1.61,3.378378378,462.623,1562.915541
ARCS_01_07,1.61,3.378378378,434.3109,1467.266554
ARCS_01_08,1.61,3.378378378,424.9227,1435.549662
ARCS_01_09,1.61,3.378378378,428.0491,1446.111824
ARCS_01_10,1.61,3.378378378,251.6029,850.0097973
ARCS_01-2_,1.61,3.4004159,806.0397,2740.870212
ARCS_01-2_01,1.61,3.4004159,622.0651,2115.280057
ARCS_01-2_02,1.61,3.4004159,567.1014,1928.380617
ARCS_01-2_03,1.61,3.4004159,563.7987,1917.150064
ARCS_01-2_04,1.61,3.4004159,463.6,1576.432811
ARCS_01-2_05,1.61,3.4004159,385.8614,1312.08924
ARCS_01-2_06,1.61,3.4004159,302.6549,1029.152534
ARCS_01-2_07,1.61,3.4004159,247.1295,840.3430812
ARCS_01-2_08,1.61,3.4004159,178.0899,605.5797276
ARCS_02_,1.61,3.378378378,524.0468,1770.428378
ARCS_02_01,1.61,3.378378378,544.1838,1838.458784
ARCS_02_02,1.61,3.378378378,336.1622,1135.683108
ARCS_02_03,1.61,3.378378378,336.6898,1137.465541
ARCS_02_04,1.61,3.378378378,73.38937,247.9370608
ARCS_02-2_,1.61,3.4004159,612.6989,2083.431081
ARCS_02-2_01,1.61,3.4004159,514.4638,1749.390885
ARCS_02-2_02,1.61,3.4004159,591.5311,2011.451758
ARCS_02-2_03,1.61,3.4004159,565.4538,1922.778092
ARCS_02-2_04,1.61,3.4004159,461.6081,1569.659523
ARCS_02-2_05,1.61,3.4004159,265.1886,901.7515319
ARCS_02-2_06,1.61,3.4004159,151.0927,513.7780195
ARCS_03_,1.61,3.378378378,705.5246,2383.529054
ARCS_03_01,1.61,3.378378378,626.7184,2117.291892
ARCS_03_02,1.61,3.378378378,472.4712,1596.186486
ARCS_03_03,1.61,3.378378378,334.7626,1130.95473
ARCS_03_04,1.61,3.378378378,263.304,889.5405405
ARCS_03_05,1.61,3.378378378,284.0158,959.5128378
ARCS_03_07,1.61,3.378378378,232.0022,783.7912162
ARCS_03_08,1.61,3.378378378,162.0278,547.3912162
ARCS_03_09,1.61,3.378378378,212.3488,717.3945946
ARCS_03_10,1.61,3.378378378,185.2377,625.8030405
ARCS_03-2_,1.61,3.4004159,621.7668,2114.265713
ARCS_03-2_01,1.61,3.4004159,503.2395,1711.223597
ARCS_03-2_02,1.61,3.4004159,395.4554,1344.71283
ARCS_03-2_03,1.61,3.4004159,265.4242,902.5526699
ARCS_03-2_04,1.61,3.4004159,221.5626,753.4049879
ARCS_05_,1.61,3.378378378,373.9572,1263.368919
ARCS_05_01,1.61,3.378378378,388.0464,1310.967568
ARCS_05_02,1.61,3.378378378,98,331.0810811
ARCS_05-2_,1.61,3.396197,674.5339,2290.850008
ARCS_05-2_01,1.61,3.396197,533.926,1813.317879
ARCS_05-2_02,1.61,3.396197,488.6113,1659.420231
ARCS_05-2_03,1.61,3.396197,457.2319,1552.849607
ARCS_05-2_04,1.61,3.396197,353.051,1199.030747
ARCS_05-2_05,1.61,3.396197,285.3945,969.2559447
ARCS_05-2_06,1.61,3.396197,212.059,720.1941396
ARCS_06_01,1.61,3.378378378,796.99,2692.533784
ARCS_06_02,1.61,3.378378378,646.0379,2182.560473
ARCS_06_03,1.61,3.378378378,500.2379,1689.992905
ARCS_06_04,1.61,3.378378378,490.6577,1657.627365
ARCS_06_05,1.61,3.378378378,481.5652,1626.909459
ARCS_06_06,1.61,3.378378378,251.5432,849.8081081
ARCS_06_08,1.61,3.378378378,264.2726,892.8128378
ARCS_06-2_,1.61,3.396197,757.2001,2571.600708
ARCS_06-2_01,1.61,3.396197,712.2928,2419.08667
ARCS_06-2_02,1.61,3.396197,633.2424,2150.615939
ARCS_06-2_03,1.61,3.396197,537.4988,1825.451812
ARCS_06-2_04,1.61,3.396197,470.5614,1598.119215
ARCS_06-2_05,1.61,3.396197,260.5993,885.0465609
ARCS_06-2_06,1.61,3.396197,283.8679,964.0713104
ARCS_07_,1.61,3.378378378,660.6981,2232.088176
ARCS_07_01,1.61,3.378378378,500.6446,1691.366892
ARCS_07_02,1.61,3.378378378,465.4654,1572.518243
ARCS_07_03,1.61,3.378378378,414.367,1399.888514
ARCS_07_04,1.61,3.378378378,419.6296,1417.667568
ARCS_07_05,1.61,3.378378378,99.72462,336.9075
ARCS_07-2_,1.61,3.396197,628.4011,2134.173931
ARCS_07-2_01,1.61,3.396197,468.8027,1592.146323
ARCS_07-2_02,1.61,3.396197,340,1154.70698
ARCS_07-2_03,1.61,3.396197,225.7543,766.7060764
ARCS_08_,1.61,3.378378378,840.2363,2838.636149
ARCS_08_01,1.61,3.378378378,,0
ARCS_08_02,1.61,3.378378378,573.4222,1937.237162
ARCS_08_03,1.61,3.378378378,555.1234,1875.416892
ARCS_08_04,1.61,3.378378378,510.7455,1725.491554
ARCS_08_05,1.61,3.378378378,,0
ARCS_08_06,1.61,3.378378378,451.4864,1525.291892
ARCS_08_07,1.61,3.378378378,,0
ARCS_08_08,1.61,3.378378378,385.2921,1301.6625
ARCS_08-2_,1.61,3.396197,814.6877,2766.839923
ARCS_08-2_01,1.61,3.396197,716.2597,2432.559044
ARCS_08-2_02,1.61,3.396197,648.0123,2200.777429
ARCS_08-2_03,1.61,3.396197,593.0936,2014.262705
ARCS_08-2_04,1.61,3.396197,524.8581,1782.521505
ARCS_08-2_05,1.61,3.396197,463.2494,1573.286223
ARCS_08-2_06,1.61,3.396197,375.481,1275.207446
ARCS_08-2_07,1.61,3.396197,307.8246,1045.432983
ARCS_08-2_08,1.61,3.396197,294.6795,1000.789634
ARCS_08-2_09,1.61,3.396197,268.0765,910.4406051
ARCS_08-2_10,1.61,3.396197,207,703.832621
ARCS_09_,1.61,3.378378378,,0
ARCS_09_01,1.61,3.378378378,492.0041,1662.176014
ARCS_09_02,1.61,3.378378378,,0
ARCS_09_03,1.61,3.378378378,,0
ARCS_09_04,1.61,3.378378378,384.2408,1298.110811
ARCS_09_05,1.61,3.378378378,,0
ARCS_09-2_,1.61,3.396197,737.4727,2504.602571
ARCS_09-2_01,1.61,3.396197,581.0215,1973.263475
ARCS_09-2_02,1.61,3.396197,399.5059,1356.800739
ARCS_09-2_03,1.61,3.396197,325.3936,1105.100768
ARCS_09-2_04,1.61,3.396197,323.0062,1096.992687
ARCS_09-2_05,1.61,3.396197,271.6166,922.4634821
ARCS_09-2_06,1.61,3.396197,220.0818,747.4411489
ARCS_09-2_07,1.61,3.396197,171.1052,581.1069669
ARCS_10_,1.61,3.378378378,816.0098,2756.789865
ARCS_10_01,1.61,3.378378378,580.4894,1961.112838
ARCS_10_02,1.61,3.378378378,566.8483,1915.028041
ARCS_10_03,1.61,3.378378378,,0
ARCS_10_04,1.61,3.378378378,527.3026,1781.427703
ARCS_10_05,1.61,3.378378378,502.5943,1697.953716
ARCS_10_06,1.61,3.378378378,427.5629,1444.469257
ARCS_10_07,1.61,3.378378378,311.8878,1053.675
ARCS_10_08,1.61,3.378378378,328.3535,1109.302365
ARCS_10_09,1.61,3.378378378,281.0018,949.3304054
ARCS_10_10,1.61,3.378378378,,0
ARCS_10-2_,1.61,3.396197,808.0842,2744.413136
ARCS_10-2_01,1.61,3.396197,585.0752,1987.030639
ARCS_10-2_02,1.61,3.396197,439.7931,1493.624007
ARCS_10-2_03,1.61,3.396197,,0
ARCS_10-2_04,1.61,3.396197,523.8034,1778.939536
ARCS_10-2_05,1.61,3.396197,466.804,1585.358344
ARCS_11_,1.61,3.378378378,602.269,2034.692568
ARCS_11_01,1.61,3.378378378,602.7022,2036.156081
ARCS_11_02,1.61,3.378378378,540.3712,1825.578378
ARCS_11_03,1.61,3.378378378,,0
ARCS_11_04,1.61,3.378378378,430.0744,1452.954054
ARCS_11_05,1.61,3.378378378,443.1569,1497.151689
ARCS_11_06,1.61,3.378378378,365.821,1235.881757
ARCS_11_07,1.61,3.378378378,,0
ARCS_11_08,1.61,3.378378378,825.1354,2787.619595
ARCS_11-2_,1.61,3.396197,834.6358,2834.5876
ARCS_11-2_01,1.61,3.396197,635.3094,2157.635878
ARCS_11-2_02,1.61,3.396197,510.6623,1734.309771
ARCS_11-2_03,1.61,3.396197,476.42,1618.016175
ARCS_11-2_04,1.61,3.396197,396.0013,1344.898427
ARCS_11-2_05,1.61,3.396197,474.0137,1609.843906
ARCS_11-2_06,1.61,3.396197,391,1327.913027
ARCS_11-2_07,1.61,3.396197,190,645.27743
ARCS_12_,1.61,3.378378378,886.2488,2994.083784
ARCS_12_01,1.61,3.378378378,651.0492,2199.490541
ARCS_12_02,1.61,3.378378378,498.5549,1684.307095
ARCS_12_03,1.61,3.378378378,387.0116,1307.471622
ARCS_12_04,1.61,3.378378378,363.6949,1228.698986
ARCS_12_05,1.61,3.378378378,229.9935,777.0050676
ARCS_12_06,1.61,3.378378378,234.0534,790.7209459
ARCS_12-2_,1.61,3.396197,810.6719,2753.201475
ARCS_12-2_01,1.61,3.396197,636,2159.981292
ARCS_12-2_02,1.61,3.396197,515.9322,1752.20739
ARCS_12-2_03,1.61,3.396197,435.0011,1477.349431
ARCS_12-2_04,1.61,3.396197,394.0977,1338.433426
ARCS_12-2_05,1.61,3.396197,312.0064,1059.6352
ARCS_12-2_06,1.61,3.396197,276.0072,937.3748246
ARCS_12-2_07,1.61,3.396197,239.1088,812.0605892
ARCS_12-2_08,1.61,3.396197,198.6001,674.4850638
ARCS_13_,1.61,3.378378378,885.6026,2991.900676
ARCS_13_01,1.61,3.378378378,530.3405,1791.690878
ARCS_13_02,1.61,3.378378378,492.5901,1664.155743
ARCS_13_03,1.61,3.378378378,476.7662,1610.696622
ARCS_13_04,1.61,3.378378378,431.2957,1457.080068
ARCS_13_05,1.61,3.378378378,336.0238,1135.215541
ARCS_13_06,1.61,3.378378378,282.0071,952.7266892
ARCS_13_07,1.61,3.378378378,283.2984,957.0891892
ARCS_13_08,1.61,3.378378378,,0
ARCS_13-2_,1.61,3.396197,821.6234,2790.394926
ARCS_13-2_01,1.61,3.396197,566.3532,1923.447039
ARCS_13-2_02,1.61,3.396197,497.4897,1689.573027
ARCS_13-2_03,1.61,3.396197,485.0371,1647.281544
ARCS_13-2_04,1.61,3.396197,312.6164,1061.70688
ARCS_13-2_05,1.61,3.396197,335.4311,1139.190096
ARCS_13-2_06,1.61,3.396197,282.0638,957.9442314
ARCS_13-2_07,1.61,3.396197,283.0018,961.1298642
ARCS_14_,1.61,3.396197,861.9095,2927.214458
ARCS_14_01,1.61,3.396197,612.0294,2078.572412
ARCS_14_02,1.61,3.396197,484.1487,1644.264362
ARCS_14_03,1.61,3.396197,447.1655,1518.66213
ARCS_14_04,1.61,3.396197,353.0227,1198.934635
ARCS_14_05,1.61,3.396197,294.0017,998.4876915
ARCS_14-2_,1.61,3.396197,868.2788,2948.845856
ARCS_14-2_01,1.61,3.396197,590.1432,2004.242565
ARCS_14-2_02,1.61,3.396197,496.4071,1685.896304
ARCS_14-2_03,1.61,3.396197,439.7113,1493.346198
ARCS_14-2_04,1.61,3.396197,384.0052,1304.157308
ARCS_14-2_05,1.61,3.396197,285.0439,968.065238
ARCS_14-2_06,1.61,3.396197,233,791.313901
BDWF_38_,1.61,3.396197,992.4704,3370.624995
BDWF_38_01,1.61,3.396197,826.0297,2805.359589
BDWF_38_02,1.61,3.396197,776.078,2635.713775
BDWF_38_03,1.61,3.396197,650.0438,2207.676803
BDWF_38_04,1.61,3.396197,529.0684,1796.820513
BDWF_38_05,1.61,3.396197,513.0088,1742.278948
BDWF_38_06,1.61,3.396197,465.1301,1579.67345
BDWF_38_07,1.61,3.396197,412.1674,1399.801687
BDWF_38_08,1.61,3.396197,402.7965,1367.976265
BDWF_38_09,1.61,3.396197,351.3702,1193.322419
BDWF_38_10,1.61,3.396197,277.0162,940.8015874
BDWF_38-2_,1.61,3.396197,990.3868,3363.548679
BDWF_38-2_01,1.61,3.396197,780.0923,2649.347129
BDWF_38-2_02,1.61,3.396197,640.3444,2174.73573
BDWF_38-2_03,1.61,3.396197,610.2106,2072.395409
BDWF_38-2_04,1.61,3.396197,453.0177,1538.537354
BDWF_38-2_05,1.61,3.396197,473.0011,1606.404917
BDWF_38-2_06,1.61,3.396197,442.0181,1501.180545
BDWF_38-2_07,1.61,3.396197,431.3386,1464.910859
BDWF_38-2_08,1.61,3.396197,321.1604,1090.723987
BDWF_39_01,1.61,4.3449759,498.7755,2167.167527
BDWF_39_02,1.61,4.3449759,427.1768,1856.072901
BDWF_39_03,1.61,4.3449759,331.0589,1438.442942
BDWF_39_04,1.61,4.3449759,245.4588,1066.51257
BDWF_39_05,1.61,4.3449759,226.1415,982.5793675
BDWF_40_,1.61,4.3449759,735.9409,3197.645474
BDWF_40_01,1.61,4.3449759,632.5346,2748.347593
BDWF_40_02,1.61,4.3449759,496.0575,2155.357883
BDWF_40_03,1.61,4.3449759,398.2763,1730.500925
BDWF_40_04,1.61,4.3449759,273.2325,1187.188628
BDWF_40_05,1.61,4.3449759,259.7249,1128.498431
BDWF_40_06,1.61,4.3449759,252.1983,1095.795536
BDWF_40_07,1.61,4.3449759,216.781,941.9082206
BDWF_40_08,1.61,4.3449759,158.474,688.5657108
BDWF_40_09,1.61,4.3449759,129.2749,561.696325
BDWF_41_,1.61,4.3449759,743.4144,3230.117652
BDWF_41_01,1.61,4.3449759,591.0008,2567.884233
BDWF_41_02,1.61,4.3449759,523.748,2275.672438
BDWF_41_03,1.61,4.3449759,330.4073,1435.611756
BDWF_41_04,1.61,4.3449759,245.6522,1067.352889
BDWF_41_05,1.61,4.3449759,217.0829,943.2199688
BDWF_41_06,1.61,4.3449759,,0
BDWF_42_,1.61,7.4384098,451.2704,3356.734166
BDWF_42_02,1.61,7.4384098,233.6579,1738.043213
BDWF_42_03,1.61,7.4384098,206.1189,1533.196846
BDWF_42_04,1.61,7.4384098,177.7104,1321.882781
BDWF_42_05,1.61,7.4384098,152.6434,1135.424162
BDWF_42_06,1.61,7.4384098,100.7025,749.0664629
BDWF_43_,1.61,7.4384098,393.0013,2923.304721
BDWF_43_01,1.61,7.4384098,270.174,2009.664929
BDWF_43_02,1.61,7.4384098,236.4255,1758.629756
BDWF_43_03,1.61,7.4384098,216.5849,1611.047243
BDWF_43_04,1.61,7.4384098,191.7603,1426.391695
BDWF_43_05,1.61,7.4384098,185.235,1377.853839
BDWF_43_06,1.61,7.4384098,145.031,1078.800012
BDWF_43_07,1.61,7.4384098,136.0588,1012.061111
BDWF_43_08,1.61,7.4384098,104.3072,775.8796987
BDWF_44_,1.61,7.4384098,386.695,2876.395878
BDWF_44_01,1.61,7.4384098,348.0704,2589.090274
BDWF_44_02,1.61,7.4384098,272.683,2028.327899
BDWF_44_04,1.61,7.4384098,192.4266,1431.347907
BDWF_44_05,1.61,7.4384098,186.4001,1386.520331
BDWF_44_06,1.61,7.4384098,153.7335,1143.532773
BDWF_44_07,1.61,7.4384098,116.0388,863.1441471
BDWF_44_08,1.61,7.4384098,110.4355,821.4645055
BDWF_45_,1.61,7.4384098,477.196,3549.579403
BDWF_45_01,1.61,7.4384098,404.6653,3010.066333
BDWF_45_02,1.61,7.4384098,381.8115,2840.070403
BDWF_45_03,1.61,7.4384098,275.9312,2052.489342
BDWF_45_04,1.61,7.4384098,264.4409,1967.019782
BDWF_45_05,1.61,7.4384098,197.5171,1469.213132
BDWF_45_06,1.61,7.4384098,196.311,1460.241666
BDWF_45_07,1.61,7.4384098,142.0141,1056.359073
BDWF_45_08,1.61,7.4384098,107.9352,802.8662494
BDWF_45_09,1.61,7.4384098,95.46203,710.0856995
BDWF_45_10,1.61,7.4384098,71.58911,532.5091374
BDWF_45-2_,1.61,7.4384098,393.1272,2924.241217
BDWF_45-2_01,1.61,7.4384098,301.3105,2241.270976
BDWF_45-2_02,1.61,7.4384098,234.2733,1742.620811
BDWF_45-2_03,1.61,7.4384098,259.925,1933.428667
BDWF_45-2_04,1.61,7.4384098,183.8532,1367.575445
BDWF_45-2_05,1.61,7.4384098,151.0132,1123.298067
BDWF_45-2_06,1.61,7.4384098,110.2905,820.385936
BDWF_45-2_07,1.61,7.4384098,98.40732,731.9939735
BDWF_45-2_08,1.61,7.4384098,111.1126,826.5010527
BDWF_45-2_09,1.61,7.4384098,72.8011,541.5244157
BDWF_46_,1.61,4.33809,671.2153,2911.792381
BDWF_46_01,1.61,4.33809,494.0364,2143.174366
BDWF_46_02,1.61,4.33809,409,1774.27881
BDWF_46_03,1.61,4.33809,299,1297.08891
BDWF_46_04,1.61,4.33809,284.1918,1232.849606
BDWF_46_05,1.61,4.33809,250.032,1084.661319
BDWF_46_06,1.61,4.33809,174,754.82766
BDWF_46_07,1.61,4.33809,187.2004,812.0921832
BDWF_46_08,1.61,4.33809,137.3608,595.8835129
HBWF_30_,1.61,3.396197,1036.845,3521.329878
HBWF_30_01,1.61,3.396197,889.8472,3022.096391
HBWF_30_02,1.61,3.396197,822.253,2792.533172
HBWF_30_03,1.61,3.396197,692.2388,2350.979336
HBWF_30_04,1.61,3.396197,638.9053,2169.848263
HBWF_30_05,1.61,3.396197,547.1316,1858.166699
HBWF_30_06,1.61,3.396197,442.8318,1503.944031
HBWF_30_07,1.61,3.396197,428.8415,1456.430216
HBWF_30_08,1.61,3.396197,317.0016,1076.599883
HBWF_30_09,1.61,3.396197,246.0096,835.4970655
HBWF_30_10,1.61,3.396197,181.0994,615.049239
HBWF_30-2_,1.61,3.378378,1039.509,3511.854336
HBWF_30-2_01,1.61,3.378378,847.1151,2861.875017
HBWF_30-2_02,1.61,3.378378,740.6841,2502.310868
HBWF_30-2_03,1.61,3.378378,632.7029,2137.509558
HBWF_30-2_04,1.61,3.378378,554.7765,1874.244723
HBWF_30-2_05,1.61,3.378378,472.1282,1595.027524
HBWF_30-2_06,1.61,3.378378,465.431,1572.401851
HBWF_30-2_07,1.61,3.378378,425.5091,1437.530582
HBWF_30-2_08,1.61,3.378378,369.4293,1248.07182
HBWF_30-2_09,1.61,3.378378,320.3061,1082.115082
HBWF_31_,1.61,4.358813,822.7879,3586.378595
HBWF_31_01,1.61,4.358813,632.0127,2754.825173
HBWF_31_02,1.61,4.358813,503.0319,2192.621985
HBWF_31_03,1.61,4.358813,415.531,1811.221925
HBWF_31_04,1.61,4.358813,299.8266,1306.888082
HBWF_31_05,1.61,4.358813,286,1246.620518
HBWF_31_06,1.61,4.358813,215.6015,939.766621
HBWF_32_,1.61,4.358813,866.0144,3774.794825
HBWF_32_01,1.61,4.358813,649.2842,2830.108412
HBWF_32_02,1.61,4.358813,507.2761,2211.121659
HBWF_32_03,1.61,4.358813,401.8084,1751.407677
HBWF_32_04,1.61,4.358813,337.6063,1471.562729
HBWF_33_,1.61,4.358813,762.1424,3322.036201
HBWF_33_01,1.61,4.358813,576.8509,2514.385202
HBWF_33_02,1.61,4.358813,385.8108,1681.677131
HBWF_33_03,1.61,4.358813,309.7822,1350.282681
HBWF_33_04,1.61,4.358813,217.4626,947.8788079
HBWF_34_,1.61,4.358813,655.0008,2855.026002
HBWF_34_01,1.61,4.358813,633.1903,2759.958111
HBWF_34_02,1.61,4.358813,530.298,2311.469816
HBWF_34_03,1.61,4.358813,395.0456,1721.929897
HBWF_34_04,1.61,4.358813,338.108,1473.749546
HBWF_34_05,1.61,4.358813,291.3589,1269.978961
HBWF_35_,1.61,4.358813,725.4826,3162.242988
HBWF_35_01,1.61,4.358813,541.0037,2358.133961
HBWF_35_02,1.61,4.358813,373.873,1629.642493
HBWF_35_03,1.61,4.358813,253.464,1104.802178
HBWF_35-2_,1.61,4.358813,703.0021,3064.254693
HBWF_35-2_01,1.61,4.358813,518.869,2261.652942
HBWF_35-2_02,1.61,4.358813,406.3151,1771.05154
HBWF_35-2_03,1.61,4.358813,236.8903,1032.560519
HBWF_36_,1.61,4.33809,894.4054,3880.011122
HBWF_36_01,1.61,4.33809,733.9877,3184.104701
HBWF_36_02,1.61,4.33809,396.5476,1720.259178
HBWF_36_03,1.61,4.33809,367.535,1594.399908
HBWF_36_04,1.61,4.33809,319.5325,1386.160743
HBWF_36_05,1.61,4.33809,299.107,1297.553086
HBWF_36_06,1.61,4.33809,183.1093,794.3446232
HBWF_36-2_,1.61,4.33809,766.5872,3325.524266
HBWF_36-2_01,1.61,4.33809,586.4827,2544.214736
HBWF_36-2_02,1.61,4.33809,550.7059,2389.011758
HBWF_36-2_03,1.61,4.33809,343.6655,1490.851869
HBWF_36-2_04,1.61,4.33809,309.2006,1341.340031
HBWF_37_,1.61,4.3449759,791.2585,3437.999113
HBWF_37_01,1.61,4.3449759,625.8466,2719.288394
HBWF_37_02,1.61,4.3449759,606.953,2637.196157
HBWF_37_03,1.61,4.3449759,484.9515,2107.10258
HBWF_37_04,1.61,4.3449759,334.0539,1451.456145
HBWF_37_05,1.61,4.3449759,294,1277.422915
HBWF_37_06,1.61,4.3449759,222.0023,964.5946432
HBWF_37-2_,1.61,4.33809,660.097,2863.560195
HBWF_37-2_01,1.61,4.3449759,638.6588,2774.957094
HBWF_37-2_02,1.61,4.3449759,390.7019,1697.59034
HBWF_37-2_03,1.61,4.3449759,318.0645,1381.982587
HBWF_37-2_04,1.61,4.3449759,277.3536,1205.094708
HBWF_38_,1.61,4.3449759,806.3405,3503.53004
HBWF_38_01,1.61,4.3449759,607.4084,2639.174859
HBWF_38_02,1.61,4.3449759,573.5399,2492.017043
HBWF_38_03,1.61,4.3449759,497.7489,2162.706975
HBWF_38_04,1.61,4.3449759,398.7994,1732.773782
HBWF_38_05,1.61,4.3449759,289.1159,1256.201618
HBWF_38_06,1.61,4.3449759,204.8414,890.0309463
HBWF_38_07,1.61,4.3449759,159.8924,694.7286246
HBWF_38-2_,1.61,4.33809,669.2593,2903.307077
HBWF_38-2_01,1.61,4.33809,623.0201,2702.717266
HBWF_38-2_03,1.61,4.33809,515.6297,2236.848045
HBWF_38-2_04,1.61,4.33809,487.6474,2115.458309
HBWF_38-2_05,1.61,4.33809,410.8382,1782.253087
HBWF_38-2_06,1.61,4.33809,390.4216,1693.684039
HBWF_38-2_07,1.61,4.33809,327.0015,1418.561937
HBWF_38-2_08,1.61,4.33809,254.2833,1103.103841
HBWF_39_,1.61,4.33809,931.8637,4042.508598
HBWF_39_01,1.61,4.33809,625.4918,2713.439723
HBWF_39_02,1.61,4.33809,613.4012,2660.989612
HBWF_39_03,1.61,4.33809,556.2913,2413.241726
HBWF_39_04,1.61,4.33809,405.6316,1759.666388
HBWF_39_05,1.61,4.33809,400.1596,1735.928359
HBWF_39_06,1.61,4.33809,290.3739,1259.668112
HBWF_39_07,1.61,4.33809,246.9028,1071.086568
HBWF_39_08,1.61,4.33809,220.5538,956.7822342
HBWF_39_09,1.61,4.33809,172.8612,749.8874431
HBWF_39_10,1.61,4.33809,176.8672,767.2658316
HBWF_39-2_,1.61,4.33809,890,3860.9001
HBWF_39-2_01,1.61,4.33809,718.0843,3115.114321
HBWF_39-2_02,1.61,4.33809,684.5327,2969.564461
HBWF_39-2_03,1.61,4.33809,591.0541,2564.045881
HBWF_39-2_04,1.61,4.33809,538.8358,2337.518196
HBWF_39-2_05,1.61,4.33809,556.1196,2412.496876
HBWF_39-2_06,1.61,4.33809,466.7248,2024.694188
HBWF_39-2_07,1.61,4.33809,437.4403,1897.655391
HBWF_39-2_08,1.61,4.33809,322.4903,1398.991946
HBWF_39-2_09,1.61,4.33809,273.6732,1187.218972
LSCS_36_,1.61,3.396197,1118.143,3797.433902
LSCS_36_01,1.61,3.396197,960.0422,3260.49244
LSCS_36_02,1.61,3.396197,705.0028,2394.328394
LSCS_36_03,1.61,3.396197,593.0034,2013.956368
LSCS_36_04,1.61,3.396197,298.0067,1012.089461
LSCS_36_05,1.61,3.396197,450.4054,1529.665468
LSCS_36_06,1.61,3.396197,189.2749,642.8148476
LSCS_36_07,1.61,3.396197,364.0055,1236.234387
LSCS_36_08,1.61,3.396197,291.5476,990.1530845
LSCS_36_09,1.61,3.396197,181.705,617.1059759
LSCS_36-2_,1.61,3.396197,1146,3892.041762
LSCS_36-2_01,1.61,3.396197,983.0005,3338.463349
LSCS_36-2_02,1.61,3.396197,785.9854,2669.361258
LSCS_36-2_03,1.61,3.396197,606.6465,2060.291023
LSCS_36-2_05,1.61,3.396197,419.3149,1424.076005
LSCS_36-2_06,1.61,3.396197,278.3685,945.3942646
LSCS_37_,1.61,3.396197,804.0945,2730.863329
LSCS_37_01,1.61,3.396197,598.8472,2033.803064
LSCS_37_02,1.61,3.396197,429.0012,1456.972588
LSCS_37_03,1.61,3.396197,267.4696,908.3794531
LSCS_37_04,1.61,3.396197,236.677,803.8017174
LSCS_38_,1.61,4.3449759,802.5771,3487.178157
LSCS_38_01,1.61,4.3449759,655.8567,2849.681555
LSCS_38_02,1.61,4.3449759,513.0078,2229.006528
LSCS_38_03,1.61,4.3449759,442.4681,1922.513231
LSCS_38_04,1.61,4.3449759,329.2567,1430.612426
LSCS_38_05,1.61,4.3449759,266.3175,1157.143119
LSCS_38_06,1.61,4.3449759,262.7394,1141.596361
LSCS_38_07,1.61,4.3449759,200,868.99518
LSCS_38_08,1.61,4.3449759,232.9399,1012.118252
LSCS_38_09,1.61,4.3449759,145,630.0215055
LSCS_39_,1.61,4.3588134,537,2340.682796
LSCS_39_01,1.61,4.3588134,446.5255,1946.321333
LSCS_39_02,1.61,4.3588134,639.1127,2785.773001
LSCS_39_03,1.61,4.3588134,548,2388.629743
LSCS_39_04,1.61,4.3588134,143.5618,625.7590976
LSCS_40_,1.61,4.3449759,632.155,2746.69824
LSCS_40_01,1.61,4.3449759,431.3772,1874.323538
LSCS_40_02,1.61,4.3449759,298.918,1298.791506
LSCS_41_,1.61,4.3449759,782.9642,3401.96058
LSCS_41_01,1.61,4.3449759,738.935,3210.654767
LSCS_41_02,1.61,4.3449759,580.1491,2520.733858
LSCS_41_03,1.61,4.3449759,409.2163,1778.034961
LSCS_41_04,1.61,4.3449759,307.0016,1333.914553
LSCS_41_05,1.61,4.3449759,246.13,1069.428918
LSCS_42_,1.61,4.33809,737.7872,3200.587274
LSCS_42_01,1.61,4.33809,454.5415,1971.841936
LSCS_42_02,1.61,4.33809,416.2499,1805.729529
LSCS_42_04,1.61,4.33809,245.1653,1063.549136
LSCS_42_05,1.61,4.33809,298.6051,1295.375798
LSCS_43_,1.61,4.3588134,761.2017,3317.93617
LSCS_43_01,1.61,4.3588134,574.0706,2502.266624
LSCS_43_02,1.61,4.3588134,421.0582,1835.314124
LSCS_43_03,1.61,4.3588134,336.3406,1466.045914
LSCS_43_04,1.61,4.3588134,273,1189.956058
LSCS_43_05,1.61,4.3588134,244.8122,1067.090698
LSCS_43_06,1.61,4.3588134,196.3288,855.7606042
LSCS_43_07,1.61,4.3588134,170.8801,744.8344697
LSCS_43_08,1.61,4.3588134,143.8923,627.1996854
LSCS_44_,1.61,4.3449759,736.8317,3201.515979
LSCS_44_01,1.61,4.3449759,589.2071,2560.09065
LSCS_44_02,1.61,4.3449759,379.0646,1647.026552
LSCS_44_03,1.61,4.3449759,320.9751,1394.629074
LSCS_44_04,1.61,4.3449759,285.0018,1238.325952
LSCS_44_05,1.61,4.3449759,213.2135,926.4075191
BDWF_1,1.61,3.4409991,711.6996,2448.957683
BDWF_2,1.61,3.4409991,813.2035,2798.232512
BDWF_3,1.61,3.4409991,576.6802,1984.356049
BDWF_4,1.61,3.4409991,647.1136,2226.717315
BDWF_5,1.61,3.4409991,554.8333,1909.180886
BDWF_6,1.61,3.4409991,589.2266,2027.5282
BDWF_7,1.61,3.4409991,,0
BDWF_8,1.61,3.4409991,,0
BDWF_9,1.61,3.4409991,776.1881,2670.862554
BDWF_10,1.61,3.4409991,789.9291,2718.145322
BDWF_11,1.61,3.4409991,741.1828,2550.409348
BDWF_12,1.61,3.4409991,907.9295,3124.184592
BDWF_13,1.61,3.4409991,746.1046,2567.345257
BDWF_14,1.61,3.4409991,884.1109,3042.224811
BDWF_15,1.61,3.4409991,946.0085,3255.214397
BDWF_16,1.61,3.4409991,732.2732,2519.751422
BDWF_17,1.61,3.4409991,756,2601.39532
BDWF_18,1.61,3.4409991,785.0197,2701.252081
BDWF_19,1.61,3.4409991,699.3769,2406.555283
BDWF_20,1.61,3.4409991,744,2560.10333
BDWF_21,1.61,3.4409991,755.1953,2598.626348
BDWF_22,1.61,3.4409991,,0
BDWF_23,1.61,3.4409991,587.1048,2020.227088
BDWF_24,1.61,3.4409991,759.592,2613.755388
BDWF_25,1.61,3.4409991,732.5189,2520.596876
BDWF_26,1.61,3.4409991,802,2759.681278
BDWF_27,1.61,3.4409991,511.6405,1760.5545
BDWF_28,1.61,3.4409991,606,2085.245455
BDWF_29,1.61,3.4409991,732.0027,2518.820632
BDWF_30,1.61,3.4409991,810.5554,2789.120402
BDWF_31,1.61,3.4409991,772.3471,2657.645676
BDWF_32,1.61,3.4409991,631.2527,2172.139973
BDWF_33,1.61,3.4409991,807.1109,2777.267881
BDWF_34,1.61,3.4409991,892.2511,3070.235232
HBWF_1,1.61,3.4324712,1162.755,3991.12305
HBWF_2,1.61,3.4324712,622.3568,2136.221792
HBWF_3,1.61,3.4324712,644.1118,2210.895203
HBWF_4,1.61,3.4324712,964.4066,3310.29788
HBWF_5,1.61,3.4324712,833.2779,2860.202393
HBWF_6,1.61,3.4324712,1115.147,3827.709961
HBWF_7,1.61,3.4324712,868.1567,2979.92287
HBWF_8,1.61,3.4324712,,0
HBWF_9,1.61,3.4324712,1148.564,3942.412851
HBWF_10,1.61,3.4324712,811.1424,2784.222927
HBWF_11,1.61,3.4324712,976.4999,3351.807784
HBWF_12,1.61,3.4324712,,0
HBWF_13,1.61,3.4324712,970.1546,3330.027724
HBWF_14,1.61,3.4324712,1004.39,3447.539749
HBWF_15,1.61,3.4324712,971.5472,3334.807783
HBWF_16,1.61,3.4324712,,0
HBWF_17,1.61,3.4324712,,0
HBWF_18,1.61,3.4324712,,0
HBWF_19,1.61,3.4324712,940.034,3226.639632
HBWF_20,1.61,3.4324712,1136.028,3899.383392
HBWF_21,1.61,3.4324712,864.0833,2965.941042
HBWF_22,1.61,3.4324712,1044.008,3583.527393
HBWF_23,1.61,3.4324712,884,3034.304541
HBWF_24,1.61,3.4324712,848,2910.735578
HBWF_25,1.61,3.4324712,1032.248,3543.161531
HBWF_26,1.61,3.4324712,884.009,3034.335433
HBWF_27,1.61,3.4324712,796.0402,2732.385061
HBWF_28,1.61,3.4324712,961.9314,3301.801827
HBWF_29,1.61,3.4324712,896.0357,3075.616734
LSCS_1,1.61,3.4324712,740,2540.028688
LSCS_2,1.61,3.4324712,708.0113,2430.228397
LSCS_3,1.61,3.4324712,912.456,3131.978941
LSCS_4,1.61,3.4324712,850.2329,2918.399943
LSCS_5,1.61,3.4324712,1016.008,3487.418199
LSCS_6,1.61,3.4324712,906.3355,3110.970501
LSCS_7,1.61,3.4324712,988,3391.281546
LSCS_8,1.61,3.4324712,1052,3610.959702
LSCS_9,1.61,3.4324712,624,2141.862029
LSCS_10,1.61,3.4324712,679.7205,2333.12104
LSCS_11,1.61,3.4324712,1016.049,3487.55893
LSCS_12,1.61,3.4324712,877.2001,3010.96408
LSCS_13,1.61,3.4324712,711.438,2441.990446
LSCS_14,1.61,3.4324712,504,1729.965485
LSCS_15,1.61,3.4324712,891.4617,3059.916611
LSCS_16,1.61,3.4324712,1180.027,4050.408693
LSCS_17,1.61,3.4324712,844.8077,2899.7781
LSCS_18,1.61,3.4324712,1032.391,3543.652375
LSCS_19,1.61,3.4324712,1180.007,4050.340043
LSCS_20,1.61,3.4324712,802,2752.841902
LSCS_21,1.61,3.4324712,832.0096,2855.84899
LSCS_22,1.61,3.4324712,981.4683,3368.861673
LSCS_23,1.61,3.4324712,805.6798,2765.47271
LSCS_24,1.61,3.4324712,706.7248,2425.812522
LSCS_25,1.61,3.4324712,717.0411,2461.222925
LSCS_26,1.61,3.4324712,702.0114,2409.633913
LSCS_27,1.61,3.4324712,706.1388,2423.801094
LSCS_28,1.61,3.4324712,968.0331,3322.745736
LSCS_29,1.61,3.4324712,,0
LSCS_30,1.61,3.4324712,1000,3432.4712
LSCS_31,1.61,3.4324712,794.3803,2726.687502
LSCS_32,1.61,3.4324712,,0
LSCS_33,1.61,3.4324712,848.8769,2913.745512
LSCS_34,1.61,3.4324712,,0
LSCS_35,1.61,3.4324712,915.3098,3141.774528