Photo_ID,Measurement_pixels,Magnification,Conversion_factor,Measurement_um,Notes
ARCS_01_,657.4382,1.6,3.378378378,2221.075,
ARCS_01_01,684.2953,1.6,3.378378378,2311.808446,
ARCS_01_02,650.5444,1.6,3.378378378,2197.785135,
ARCS_01_03,580.9484,1.6,3.378378378,1962.663514,
ARCS_01_04,566.7027,1.6,3.378378378,1914.536149,
ARCS_01_05,515.7402,1.6,3.378378378,1742.365541,
ARCS_01_06,462.623,1.6,3.378378378,1562.915541,
ARCS_01_07,434.3109,1.6,3.378378378,1467.266554,
ARCS_01_08,424.9227,1.6,3.378378378,1435.549662,
ARCS_01_09,428.0491,1.6,3.378378378,1446.111824,
ARCS_01_10,251.6029,1.6,3.378378378,850.0097973,
ARCS_01-2_,806.0397,1.6,3.4004159,2740.870212,
ARCS_01-2_01,622.0651,1.6,3.4004159,2115.280057,
ARCS_01-2_02,567.1014,1.6,3.4004159,1928.380617,
ARCS_01-2_03,563.7987,1.6,3.4004159,1917.150064,
ARCS_01-2_04,463.6,1.6,3.4004159,1576.432811,
ARCS_01-2_05,385.8614,1.6,3.4004159,1312.08924,
ARCS_01-2_06,302.6549,1.6,3.4004159,1029.152534,
ARCS_01-2_07,247.1295,1.6,3.4004159,840.3430812,
ARCS_01-2_08,178.0899,1.6,3.4004159,605.5797276,
ARCS_02_,524.0468,1.6,3.378378378,1770.428378,
ARCS_02_01,544.1838,1.6,3.378378378,1838.458784,
ARCS_02_02,336.1622,1.6,3.378378378,1135.683108,
ARCS_02_03,336.6898,1.6,3.378378378,1137.465541,
ARCS_02_04,73.38937,1.6,3.378378378,247.9370608,
ARCS_02-2_,612.6989,1.6,3.4004159,2083.431081,
ARCS_02-2_01,514.4638,1.6,3.4004159,1749.390885,
ARCS_02-2_02,591.5311,1.6,3.4004159,2011.451758,
ARCS_02-2_03,565.4538,1.6,3.4004159,1922.778092,
ARCS_02-2_04,461.6081,1.6,3.4004159,1569.659523,
ARCS_02-2_05,265.1886,1.6,3.4004159,901.7515319,
ARCS_02-2_06,151.0927,1.6,3.4004159,513.7780195,
ARCS_03_,705.5246,1.6,3.378378378,2383.529054,
ARCS_03_01,626.7184,1.6,3.378378378,2117.291892,
ARCS_03_02,472.4712,1.6,3.378378378,1596.186486,
ARCS_03_03,334.7626,1.6,3.378378378,1130.95473,
ARCS_03_04,263.304,1.6,3.378378378,889.5405405,
ARCS_03_05,284.0158,1.6,3.378378378,959.5128378,
ARCS_03_07,232.0022,1.6,3.378378378,783.7912162,
ARCS_03_08,162.0278,1.6,3.378378378,547.3912162,
ARCS_03_09,212.3488,1.6,3.378378378,717.3945946,
ARCS_03_10,185.2377,1.6,3.378378378,625.8030405,
ARCS_03-2_,621.7668,1.6,3.4004159,2114.265713,
ARCS_03-2_01,503.2395,1.6,3.4004159,1711.223597,
ARCS_03-2_02,395.4554,1.6,3.4004159,1344.71283,
ARCS_03-2_03,265.4242,1.6,3.4004159,902.5526699,
ARCS_03-2_04,221.5626,1.6,3.4004159,753.4049879,
ARCS_05_,373.9572,1.6,3.378378378,1263.368919,
ARCS_05_01,388.0464,1.6,3.378378378,1310.967568,
ARCS_05_02,98,1.6,3.378378378,331.0810811,
ARCS_05-2_,674.5339,1.6,3.396197,2290.850008,
ARCS_05-2_01,533.926,1.6,3.396197,1813.317879,
ARCS_05-2_02,488.6113,1.6,3.396197,1659.420231,
ARCS_05-2_03,457.2319,1.6,3.396197,1552.849607,
ARCS_05-2_04,353.051,1.6,3.396197,1199.030747,
ARCS_05-2_05,285.3945,1.6,3.396197,969.2559447,
ARCS_05-2_06,212.059,1.6,3.396197,720.1941396,
ARCS_06_01,796.99,1.6,3.378378378,2692.533784,
ARCS_06_02,646.0379,1.6,3.378378378,2182.560473,
ARCS_06_03,500.2379,1.6,3.378378378,1689.992905,
ARCS_06_04,490.6577,1.6,3.378378378,1657.627365,
ARCS_06_05,481.5652,1.6,3.378378378,1626.909459,
ARCS_06_06,251.5432,1.6,3.378378378,849.8081081,
ARCS_06_08,264.2726,1.6,3.378378378,892.8128378,
ARCS_06-2_,757.2001,1.6,3.396197,2571.600708,
ARCS_06-2_01,712.2928,1.6,3.396197,2419.08667,
ARCS_06-2_02,633.2424,1.6,3.396197,2150.615939,
ARCS_06-2_03,537.4988,1.6,3.396197,1825.451812,
ARCS_06-2_04,470.5614,1.6,3.396197,1598.119215,
ARCS_06-2_05,260.5993,1.6,3.396197,885.0465609,
ARCS_06-2_06,283.8679,1.6,3.396197,964.0713104,
ARCS_07_,660.6981,1.6,3.378378378,2232.088176,
ARCS_07_01,500.6446,1.6,3.378378378,1691.366892,
ARCS_07_02,465.4654,1.6,3.378378378,1572.518243,
ARCS_07_03,414.367,1.6,3.378378378,1399.888514,
ARCS_07_04,419.6296,1.6,3.378378378,1417.667568,
ARCS_07_05,99.72462,1.6,3.378378378,336.9075,
ARCS_07-2_,628.4011,1.6,3.396197,2134.173931,
ARCS_07-2_01,468.8027,1.6,3.396197,1592.146323,
ARCS_07-2_02,340,1.6,3.396197,1154.70698,
ARCS_07-2_03,225.7543,1.6,3.396197,766.7060764,
ARCS_08_,840.2363,1.6,3.378378378,2838.636149,
ARCS_08_01,,1.6,3.378378378,0,
ARCS_08_02,573.4222,1.6,3.378378378,1937.237162,
ARCS_08_03,555.1234,1.6,3.378378378,1875.416892,
ARCS_08_04,510.7455,1.6,3.378378378,1725.491554,
ARCS_08_05,,1.6,3.378378378,0,
ARCS_08_06,451.4864,1.6,3.378378378,1525.291892,
ARCS_08_07,,1.6,3.378378378,0,
ARCS_08_08,385.2921,1.6,3.378378378,1301.6625,
ARCS_08-2_,814.6877,1.6,3.396197,2766.839923,
ARCS_08-2_01,716.2597,1.6,3.396197,2432.559044,
ARCS_08-2_02,648.0123,1.6,3.396197,2200.777429,
ARCS_08-2_03,593.0936,1.6,3.396197,2014.262705,
ARCS_08-2_04,524.8581,1.6,3.396197,1782.521505,
ARCS_08-2_05,463.2494,1.6,3.396197,1573.286223,
ARCS_08-2_06,375.481,1.6,3.396197,1275.207446,
ARCS_08-2_07,307.8246,1.6,3.396197,1045.432983,
ARCS_08-2_08,294.6795,1.6,3.396197,1000.789634,
ARCS_08-2_09,268.0765,1.6,3.396197,910.4406051,
ARCS_08-2_10,207,1.6,3.396197,703.832621,
ARCS_09_,,1.6,3.378378378,0,
ARCS_09_01,492.0041,1.6,3.378378378,1662.176014,
ARCS_09_02,,1.6,3.378378378,0,
ARCS_09_03,,1.6,3.378378378,0,
ARCS_09_04,384.2408,1.6,3.378378378,1298.110811,
ARCS_09_05,,1.6,3.378378378,0,
ARCS_09-2_,737.4727,1.6,3.396197,2504.602571,
ARCS_09-2_01,581.0215,1.6,3.396197,1973.263475,
ARCS_09-2_02,399.5059,1.6,3.396197,1356.800739,
ARCS_09-2_03,325.3936,1.6,3.396197,1105.100768,
ARCS_09-2_04,323.0062,1.6,3.396197,1096.992687,
ARCS_09-2_05,271.6166,1.6,3.396197,922.4634821,
ARCS_09-2_06,220.0818,1.6,3.396197,747.4411489,
ARCS_09-2_07,171.1052,1.6,3.396197,581.1069669,
ARCS_10_,816.0098,1.6,3.378378378,2756.789865,
ARCS_10_01,580.4894,1.6,3.378378378,1961.112838,
ARCS_10_02,566.8483,1.6,3.378378378,1915.028041,
ARCS_10_03,,1.6,3.378378378,0,
ARCS_10_04,527.3026,1.6,3.378378378,1781.427703,
ARCS_10_05,502.5943,1.6,3.378378378,1697.953716,
ARCS_10_06,427.5629,1.6,3.378378378,1444.469257,
ARCS_10_07,311.8878,1.6,3.378378378,1053.675,
ARCS_10_08,328.3535,1.6,3.378378378,1109.302365,
ARCS_10_09,281.0018,1.6,3.378378378,949.3304054,
ARCS_10_10,,1.6,3.378378378,0,
ARCS_10-2_,808.0842,1.6,3.396197,2744.413136,
ARCS_10-2_01,585.0752,1.6,3.396197,1987.030639,
ARCS_10-2_02,439.7931,1.6,3.396197,1493.624007,
ARCS_10-2_03,,1.6,3.396197,0,
ARCS_10-2_04,523.8034,1.6,3.396197,1778.939536,
ARCS_10-2_05,466.804,1.6,3.396197,1585.358344,
ARCS_11_,602.269,1.6,3.378378378,2034.692568,
ARCS_11_01,602.7022,1.6,3.378378378,2036.156081,
ARCS_11_02,540.3712,1.6,3.378378378,1825.578378,
ARCS_11_03,,1.6,3.378378378,0,
ARCS_11_04,430.0744,1.6,3.378378378,1452.954054,
ARCS_11_05,443.1569,1.6,3.378378378,1497.151689,
ARCS_11_06,365.821,1.6,3.378378378,1235.881757,
ARCS_11_07,,1.6,3.378378378,0,
ARCS_11_08,825.1354,1.6,3.378378378,2787.619595,
ARCS_11-2_,834.6358,1.6,3.396197,2834.5876,
ARCS_11-2_01,635.3094,1.6,3.396197,2157.635878,
ARCS_11-2_02,510.6623,1.6,3.396197,1734.309771,
ARCS_11-2_03,476.42,1.6,3.396197,1618.016175,
ARCS_11-2_04,396.0013,1.6,3.396197,1344.898427,
ARCS_11-2_05,474.0137,1.6,3.396197,1609.843906,
ARCS_11-2_06,391,1.6,3.396197,1327.913027,
ARCS_11-2_07,190,1.6,3.396197,645.27743,
ARCS_12_,886.2488,1.6,3.378378378,2994.083784,
ARCS_12_01,651.0492,1.6,3.378378378,2199.490541,
ARCS_12_02,498.5549,1.6,3.378378378,1684.307095,
ARCS_12_03,387.0116,1.6,3.378378378,1307.471622,
ARCS_12_04,363.6949,1.6,3.378378378,1228.698986,
ARCS_12_05,229.9935,1.6,3.378378378,777.0050676,
ARCS_12_06,234.0534,1.6,3.378378378,790.7209459,
ARCS_12-2_,810.6719,1.6,3.396197,2753.201475,
ARCS_12-2_01,636,1.6,3.396197,2159.981292,
ARCS_12-2_02,515.9322,1.6,3.396197,1752.20739,
ARCS_12-2_03,435.0011,1.6,3.396197,1477.349431,
ARCS_12-2_04,394.0977,1.6,3.396197,1338.433426,
ARCS_12-2_05,312.0064,1.6,3.396197,1059.6352,
ARCS_12-2_06,276.0072,1.6,3.396197,937.3748246,
ARCS_12-2_07,239.1088,1.6,3.396197,812.0605892,
ARCS_12-2_08,198.6001,1.6,3.396197,674.4850638,
ARCS_13_,885.6026,1.6,3.378378378,2991.900676,
ARCS_13_01,530.3405,1.6,3.378378378,1791.690878,
ARCS_13_02,492.5901,1.6,3.378378378,1664.155743,
ARCS_13_03,476.7662,1.6,3.378378378,1610.696622,
ARCS_13_04,431.2957,1.6,3.378378378,1457.080068,
ARCS_13_05,336.0238,1.6,3.378378378,1135.215541,
ARCS_13_06,282.0071,1.6,3.378378378,952.7266892,
ARCS_13_07,283.2984,1.6,3.378378378,957.0891892,
ARCS_13_08,,1.6,3.378378378,0,
ARCS_13-2_,821.6234,1.6,3.396197,2790.394926,
ARCS_13-2_01,566.3532,1.6,3.396197,1923.447039,
ARCS_13-2_02,497.4897,1.6,3.396197,1689.573027,
ARCS_13-2_03,485.0371,1.6,3.396197,1647.281544,
ARCS_13-2_04,312.6164,1.6,3.396197,1061.70688,
ARCS_13-2_05,335.4311,1.6,3.396197,1139.190096,
ARCS_13-2_06,282.0638,1.6,3.396197,957.9442314,
ARCS_13-2_07,283.0018,1.6,3.396197,961.1298642,
ARCS_14_,861.9095,1.6,3.396197,2927.214458,
ARCS_14_01,612.0294,1.6,3.396197,2078.572412,
ARCS_14_02,484.1487,1.6,3.396197,1644.264362,
ARCS_14_03,447.1655,1.6,3.396197,1518.66213,
ARCS_14_04,353.0227,1.6,3.396197,1198.934635,
ARCS_14_05,294.0017,1.6,3.396197,998.4876915,
ARCS_14-2_,868.2788,1.6,3.396197,2948.845856,
ARCS_14-2_01,590.1432,1.6,3.396197,2004.242565,
ARCS_14-2_02,496.4071,1.6,3.396197,1685.896304,
ARCS_14-2_03,439.7113,1.6,3.396197,1493.346198,
ARCS_14-2_04,384.0052,1.6,3.396197,1304.157308,
ARCS_14-2_05,285.0439,1.6,3.396197,968.065238,
ARCS_14-2_06,233,1.6,3.396197,791.313901,
BDWF_38_,992.4704,1.6,3.396197,3370.624995,
BDWF_38_01,826.0297,1.6,3.396197,2805.359589,
BDWF_38_02,776.078,1.6,3.396197,2635.713775,
BDWF_38_03,650.0438,1.6,3.396197,2207.676803,
BDWF_38_04,529.0684,1.6,3.396197,1796.820513,
BDWF_38_05,513.0088,1.6,3.396197,1742.278948,
BDWF_38_06,465.1301,1.6,3.396197,1579.67345,
BDWF_38_07,412.1674,1.6,3.396197,1399.801687,
BDWF_38_08,402.7965,1.6,3.396197,1367.976265,
BDWF_38_09,351.3702,1.6,3.396197,1193.322419,
BDWF_38_10,277.0162,1.6,3.396197,940.8015874,
BDWF_38-2_,990.3868,1.6,3.396197,3363.548679,
BDWF_38-2_01,780.0923,1.6,3.396197,2649.347129,
BDWF_38-2_02,640.3444,1.6,3.396197,2174.73573,
BDWF_38-2_03,610.2106,1.6,3.396197,2072.395409,
BDWF_38-2_04,453.0177,1.6,3.396197,1538.537354,
BDWF_38-2_05,473.0011,1.6,3.396197,1606.404917,
BDWF_38-2_06,442.0181,1.6,3.396197,1501.180545,
BDWF_38-2_07,431.3386,1.6,3.396197,1464.910859,
BDWF_38-2_08,321.1604,1.6,3.396197,1090.723987,
BDWF_39_01,498.7755,1.6,4.3449759,2167.167527,
BDWF_39_02,427.1768,1.6,4.3449759,1856.072901,
BDWF_39_03,331.0589,1.6,4.3449759,1438.442942,
BDWF_39_04,245.4588,1.6,4.3449759,1066.51257,
BDWF_39_05,226.1415,1.6,4.3449759,982.5793675,
BDWF_40_,735.9409,1.6,4.3449759,3197.645474,
BDWF_40_01,632.5346,1.6,4.3449759,2748.347593,
BDWF_40_02,496.0575,1.6,4.3449759,2155.357883,
BDWF_40_03,398.2763,1.6,4.3449759,1730.500925,
BDWF_40_04,273.2325,1.6,4.3449759,1187.188628,
BDWF_40_05,259.7249,1.6,4.3449759,1128.498431,
BDWF_40_06,252.1983,1.6,4.3449759,1095.795536,
BDWF_40_07,216.781,1.6,4.3449759,941.9082206,
BDWF_40_08,158.474,1.6,4.3449759,688.5657108,
BDWF_40_09,129.2749,1.6,4.3449759,561.696325,
BDWF_41_,743.4144,1.6,4.3449759,3230.117652,
BDWF_41_01,591.0008,1.6,4.3449759,2567.884233,
BDWF_41_02,523.748,1.6,4.3449759,2275.672438,
BDWF_41_03,330.4073,1.6,4.3449759,1435.611756,
BDWF_41_04,245.6522,1.6,4.3449759,1067.352889,
BDWF_41_05,217.0829,1.6,4.3449759,943.2199688,
BDWF_41_06,,1.6,4.3449759,0,
BDWF_42_,451.2704,1.6,7.4384098,3356.734166,
BDWF_42_02,233.6579,1.6,7.4384098,1738.043213,
BDWF_42_03,206.1189,1.6,7.4384098,1533.196846,
BDWF_42_04,177.7104,1.6,7.4384098,1321.882781,
BDWF_42_05,152.6434,1.6,7.4384098,1135.424162,
BDWF_42_06,100.7025,1.6,7.4384098,749.0664629,
BDWF_43_,393.0013,1.6,7.4384098,2923.304721,
BDWF_43_01,270.174,1.6,7.4384098,2009.664929,
BDWF_43_02,236.4255,1.6,7.4384098,1758.629756,
BDWF_43_03,216.5849,1.6,7.4384098,1611.047243,
BDWF_43_04,191.7603,1.6,7.4384098,1426.391695,
BDWF_43_05,185.235,1.6,7.4384098,1377.853839,
BDWF_43_06,145.031,1.6,7.4384098,1078.800012,
BDWF_43_07,136.0588,1.6,7.4384098,1012.061111,
BDWF_43_08,104.3072,1.6,7.4384098,775.8796987,
BDWF_44_,386.695,1.6,7.4384098,2876.395878,
BDWF_44_01,348.0704,1.6,7.4384098,2589.090274,
BDWF_44_02,272.683,1.6,7.4384098,2028.327899,
BDWF_44_04,192.4266,1.6,7.4384098,1431.347907,
BDWF_44_05,186.4001,1.6,7.4384098,1386.520331,
BDWF_44_06,153.7335,1.6,7.4384098,1143.532773,
BDWF_44_07,116.0388,1.6,7.4384098,863.1441471,
BDWF_44_08,110.4355,1.6,7.4384098,821.4645055,
BDWF_45_,477.196,1.6,7.4384098,3549.579403,
BDWF_45_01,404.6653,1.6,7.4384098,3010.066333,
BDWF_45_02,381.8115,1.6,7.4384098,2840.070403,
BDWF_45_03,275.9312,1.6,7.4384098,2052.489342,
BDWF_45_04,264.4409,1.6,7.4384098,1967.019782,
BDWF_45_05,197.5171,1.6,7.4384098,1469.213132,
BDWF_45_06,196.311,1.6,7.4384098,1460.241666,
BDWF_45_07,142.0141,1.6,7.4384098,1056.359073,
BDWF_45_08,107.9352,1.6,7.4384098,802.8662494,
BDWF_45_09,95.46203,1.6,7.4384098,710.0856995,
BDWF_45_10,71.58911,1.6,7.4384098,532.5091374,
BDWF_45-2_,393.1272,1.6,7.4384098,2924.241217,
BDWF_45-2_01,301.3105,1.6,7.4384098,2241.270976,
BDWF_45-2_02,234.2733,1.6,7.4384098,1742.620811,
BDWF_45-2_03,259.925,1.6,7.4384098,1933.428667,
BDWF_45-2_04,183.8532,1.6,7.4384098,1367.575445,
BDWF_45-2_05,151.0132,1.6,7.4384098,1123.298067,
BDWF_45-2_06,110.2905,1.6,7.4384098,820.385936,
BDWF_45-2_07,98.40732,1.6,7.4384098,731.9939735,
BDWF_45-2_08,111.1126,1.6,7.4384098,826.5010527,
BDWF_45-2_09,72.8011,1.6,7.4384098,541.5244157,
BDWF_46_,671.2153,1.6,4.33809,2911.792381,
BDWF_46_01,494.0364,1.6,4.33809,2143.174366,
BDWF_46_02,409,1.6,4.33809,1774.27881,
BDWF_46_03,299,1.6,4.33809,1297.08891,
BDWF_46_04,284.1918,1.6,4.33809,1232.849606,
BDWF_46_05,250.032,1.6,4.33809,1084.661319,
BDWF_46_06,174,1.6,4.33809,754.82766,
BDWF_46_07,187.2004,1.6,4.33809,812.0921832,
BDWF_46_08,137.3608,1.6,4.33809,595.8835129,
HBWF_30_,1036.845,1.6,3.396197,3521.329878,
HBWF_30_01,889.8472,1.6,3.396197,3022.096391,
HBWF_30_02,822.253,1.6,3.396197,2792.533172,
HBWF_30_03,692.2388,1.6,3.396197,2350.979336,
HBWF_30_04,638.9053,1.6,3.396197,2169.848263,
HBWF_30_05,547.1316,1.6,3.396197,1858.166699,
HBWF_30_06,442.8318,1.6,3.396197,1503.944031,
HBWF_30_07,428.8415,1.6,3.396197,1456.430216,
HBWF_30_08,317.0016,1.6,3.396197,1076.599883,
HBWF_30_09,246.0096,1.6,3.396197,835.4970655,
HBWF_30_10,181.0994,1.6,3.396197,615.049239,
HBWF_30-2_,1039.509,1.6,3.378378,3511.854336,
HBWF_30-2_01,847.1151,1.6,3.378378,2861.875017,
HBWF_30-2_02,740.6841,1.6,3.378378,2502.310868,
HBWF_30-2_03,632.7029,1.6,3.378378,2137.509558,
HBWF_30-2_04,554.7765,1.6,3.378378,1874.244723,
HBWF_30-2_05,472.1282,1.6,3.378378,1595.027524,
HBWF_30-2_06,465.431,1.6,3.378378,1572.401851,
HBWF_30-2_07,425.5091,1.6,3.378378,1437.530582,
HBWF_30-2_08,369.4293,1.6,3.378378,1248.07182,
HBWF_30-2_09,320.3061,1.6,3.378378,1082.115082,
HBWF_31_,822.7879,1.6,4.358813,3586.378595,
HBWF_31_01,632.0127,1.6,4.358813,2754.825173,
HBWF_31_02,503.0319,1.6,4.358813,2192.621985,
HBWF_31_03,415.531,1.6,4.358813,1811.221925,
HBWF_31_04,299.8266,1.6,4.358813,1306.888082,
HBWF_31_05,286,1.6,4.358813,1246.620518,
HBWF_31_06,215.6015,1.6,4.358813,939.766621,
HBWF_32_,866.0144,1.6,4.358813,3774.794825,
HBWF_32_01,649.2842,1.6,4.358813,2830.108412,
HBWF_32_02,507.2761,1.6,4.358813,2211.121659,
HBWF_32_03,401.8084,1.6,4.358813,1751.407677,
HBWF_32_04,337.6063,1.6,4.358813,1471.562729,
HBWF_33_,762.1424,1.6,4.358813,3322.036201,
HBWF_33_01,576.8509,1.6,4.358813,2514.385202,
HBWF_33_02,385.8108,1.6,4.358813,1681.677131,
HBWF_33_03,309.7822,1.6,4.358813,1350.282681,
HBWF_33_04,217.4626,1.6,4.358813,947.8788079,
HBWF_34_,655.0008,1.6,4.358813,2855.026002,
HBWF_34_01,633.1903,1.6,4.358813,2759.958111,
HBWF_34_02,530.298,1.6,4.358813,2311.469816,
HBWF_34_03,395.0456,1.6,4.358813,1721.929897,
HBWF_34_04,338.108,1.6,4.358813,1473.749546,
HBWF_34_05,291.3589,1.6,4.358813,1269.978961,
HBWF_35_,725.4826,1.6,4.358813,3162.242988,
HBWF_35_01,541.0037,1.6,4.358813,2358.133961,
HBWF_35_02,373.873,1.6,4.358813,1629.642493,
HBWF_35_03,253.464,1.6,4.358813,1104.802178,
HBWF_35-2_,703.0021,1.6,4.358813,3064.254693,
HBWF_35-2_01,518.869,1.6,4.358813,2261.652942,
HBWF_35-2_02,406.3151,1.6,4.358813,1771.05154,
HBWF_35-2_03,236.8903,1.6,4.358813,1032.560519,
HBWF_36_,894.4054,1.6,4.33809,3880.011122,
HBWF_36_01,733.9877,1.6,4.33809,3184.104701,
HBWF_36_02,396.5476,1.6,4.33809,1720.259178,
HBWF_36_03,367.535,1.6,4.33809,1594.399908,
HBWF_36_04,319.5325,1.6,4.33809,1386.160743,
HBWF_36_05,299.107,1.6,4.33809,1297.553086,
HBWF_36_06,183.1093,1.6,4.33809,794.3446232,
HBWF_36-2_,766.5872,1.6,4.33809,3325.524266,
HBWF_36-2_01,586.4827,1.6,4.33809,2544.214736,
HBWF_36-2_02,550.7059,1.6,4.33809,2389.011758,
HBWF_36-2_03,343.6655,1.6,4.33809,1490.851869,
HBWF_36-2_04,309.2006,1.6,4.33809,1341.340031,
HBWF_37_,791.2585,1.6,4.3449759,3437.999113,
HBWF_37_01,625.8466,1.6,4.3449759,2719.288394,
HBWF_37_02,606.953,1.6,4.3449759,2637.196157,
HBWF_37_03,484.9515,1.6,4.3449759,2107.10258,
HBWF_37_04,334.0539,1.6,4.3449759,1451.456145,
HBWF_37_05,294,1.6,4.3449759,1277.422915,
HBWF_37_06,222.0023,1.6,4.3449759,964.5946432,
HBWF_37-2_,660.097,1.6,4.33809,2863.560195,
HBWF_37-2_01,638.6588,1.6,4.3449759,2774.957094,
HBWF_37-2_02,390.7019,1.6,4.3449759,1697.59034,
HBWF_37-2_03,318.0645,1.6,4.3449759,1381.982587,
HBWF_37-2_04,277.3536,1.6,4.3449759,1205.094708,
HBWF_38_,806.3405,1.6,4.3449759,3503.53004,
HBWF_38_01,607.4084,1.6,4.3449759,2639.174859,
HBWF_38_02,573.5399,1.6,4.3449759,2492.017043,
HBWF_38_03,497.7489,1.6,4.3449759,2162.706975,
HBWF_38_04,398.7994,1.6,4.3449759,1732.773782,
HBWF_38_05,289.1159,1.6,4.3449759,1256.201618,
HBWF_38_06,204.8414,1.6,4.3449759,890.0309463,
HBWF_38_07,159.8924,1.6,4.3449759,694.7286246,
HBWF_38-2_,669.2593,1.6,4.33809,2903.307077,
HBWF_38-2_01,623.0201,1.6,4.33809,2702.717266,
HBWF_38-2_03,515.6297,1.6,4.33809,2236.848045,
HBWF_38-2_04,487.6474,1.6,4.33809,2115.458309,
HBWF_38-2_05,410.8382,1.6,4.33809,1782.253087,
HBWF_38-2_06,390.4216,1.6,4.33809,1693.684039,
HBWF_38-2_07,327.0015,1.6,4.33809,1418.561937,
HBWF_38-2_08,254.2833,1.6,4.33809,1103.103841,
HBWF_39_,931.8637,1.6,4.33809,4042.508598,
HBWF_39_01,625.4918,1.6,4.33809,2713.439723,
HBWF_39_02,613.4012,1.6,4.33809,2660.989612,
HBWF_39_03,556.2913,1.6,4.33809,2413.241726,
HBWF_39_04,405.6316,1.6,4.33809,1759.666388,
HBWF_39_05,400.1596,1.6,4.33809,1735.928359,
HBWF_39_06,290.3739,1.6,4.33809,1259.668112,
HBWF_39_07,246.9028,1.6,4.33809,1071.086568,
HBWF_39_08,220.5538,1.6,4.33809,956.7822342,
HBWF_39_09,172.8612,1.6,4.33809,749.8874431,
HBWF_39_10,176.8672,1.6,4.33809,767.2658316,
HBWF_39-2_,890,1.6,4.33809,3860.9001,
HBWF_39-2_01,718.0843,1.6,4.33809,3115.114321,
HBWF_39-2_02,684.5327,1.6,4.33809,2969.564461,
HBWF_39-2_03,591.0541,1.6,4.33809,2564.045881,
HBWF_39-2_04,538.8358,1.6,4.33809,2337.518196,
HBWF_39-2_05,556.1196,1.6,4.33809,2412.496876,
HBWF_39-2_06,466.7248,1.6,4.33809,2024.694188,
HBWF_39-2_07,437.4403,1.6,4.33809,1897.655391,
HBWF_39-2_08,322.4903,1.6,4.33809,1398.991946,
HBWF_39-2_09,273.6732,1.6,4.33809,1187.218972,
LSCS_36_,1118.143,1.6,3.396197,3797.433902,
LSCS_36_01,960.0422,1.6,3.396197,3260.49244,
LSCS_36_02,705.0028,1.6,3.396197,2394.328394,
LSCS_36_03,593.0034,1.6,3.396197,2013.956368,
LSCS_36_04,298.0067,1.6,3.396197,1012.089461,
LSCS_36_05,450.4054,1.6,3.396197,1529.665468,
LSCS_36_06,189.2749,1.6,3.396197,642.8148476,
LSCS_36_07,364.0055,1.6,3.396197,1236.234387,
LSCS_36_08,291.5476,1.6,3.396197,990.1530845,
LSCS_36_09,181.705,1.6,3.396197,617.1059759,
LSCS_36-2_,1146,1.6,3.396197,3892.041762,
LSCS_36-2_01,983.0005,1.6,3.396197,3338.463349,
LSCS_36-2_02,785.9854,1.6,3.396197,2669.361258,
LSCS_36-2_03,606.6465,1.6,3.396197,2060.291023,
LSCS_36-2_05,419.3149,1.6,3.396197,1424.076005,
LSCS_36-2_06,278.3685,1.6,3.396197,945.3942646,
LSCS_37_,804.0945,1.6,3.396197,2730.863329,
LSCS_37_01,598.8472,1.6,3.396197,2033.803064,
LSCS_37_02,429.0012,1.6,3.396197,1456.972588,
LSCS_37_03,267.4696,1.6,3.396197,908.3794531,
LSCS_37_04,236.677,1.6,3.396197,803.8017174,
LSCS_38_,802.5771,1.6,4.3449759,3487.178157,
LSCS_38_01,655.8567,1.6,4.3449759,2849.681555,
LSCS_38_02,513.0078,1.6,4.3449759,2229.006528,
LSCS_38_03,442.4681,1.6,4.3449759,1922.513231,
LSCS_38_04,329.2567,1.6,4.3449759,1430.612426,
LSCS_38_05,266.3175,1.6,4.3449759,1157.143119,
LSCS_38_06,262.7394,1.6,4.3449759,1141.596361,
LSCS_38_07,200,1.6,4.3449759,868.99518,
LSCS_38_08,232.9399,1.6,4.3449759,1012.118252,
LSCS_38_09,145,1.6,4.3449759,630.0215055,
LSCS_39_,537,1.6,4.3588134,2340.682796,
LSCS_39_01,446.5255,1.6,4.3588134,1946.321333,
LSCS_39_02,639.1127,1.6,4.3588134,2785.773001,
LSCS_39_03,548,1.6,4.3588134,2388.629743,
LSCS_39_04,143.5618,1.6,4.3588134,625.7590976,
LSCS_40_,632.155,1.6,4.3449759,2746.69824,
LSCS_40_01,431.3772,1.6,4.3449759,1874.323538,
LSCS_40_02,298.918,1.6,4.3449759,1298.791506,
LSCS_41_,782.9642,1.6,4.3449759,3401.96058,
LSCS_41_01,738.935,1.6,4.3449759,3210.654767,
LSCS_41_02,580.1491,1.6,4.3449759,2520.733858,
LSCS_41_03,409.2163,1.6,4.3449759,1778.034961,
LSCS_41_04,307.0016,1.6,4.3449759,1333.914553,
LSCS_41_05,246.13,1.6,4.3449759,1069.428918,
LSCS_42_,737.7872,1.6,4.33809,3200.587274,
LSCS_42_01,454.5415,1.6,4.33809,1971.841936,
LSCS_42_02,416.2499,1.6,4.33809,1805.729529,
LSCS_42_04,245.1653,1.6,4.33809,1063.549136,
LSCS_42_05,298.6051,1.6,4.33809,1295.375798,
LSCS_43_,761.2017,1.6,4.3588134,3317.93617,
LSCS_43_01,574.0706,1.6,4.3588134,2502.266624,
LSCS_43_02,421.0582,1.6,4.3588134,1835.314124,
LSCS_43_03,336.3406,1.6,4.3588134,1466.045914,
LSCS_43_04,273,1.6,4.3588134,1189.956058,
LSCS_43_05,244.8122,1.6,4.3588134,1067.090698,
LSCS_43_06,196.3288,1.6,4.3588134,855.7606042,
LSCS_43_07,170.8801,1.6,4.3588134,744.8344697,
LSCS_43_08,143.8923,1.6,4.3588134,627.1996854,
LSCS_44_,736.8317,1.6,4.3449759,3201.515979,
LSCS_44_01,589.2071,1.6,4.3449759,2560.09065,
LSCS_44_02,379.0646,1.6,4.3449759,1647.026552,
LSCS_44_03,320.9751,1.6,4.3449759,1394.629074,
LSCS_44_04,285.0018,1.6,4.3449759,1238.325952,
LSCS_44_05,213.2135,1.6,4.3449759,926.4075191,
ARCS_15_001,2782.263,2.5,1,2782.263,
ARCS_15_002,1892.584,2.5,1,1892.584,
ARCS_15_003,1618.132,2.5,1,1618.132,
ARCS_15_004,891.722,2.5,1,891.722,
ARCS_15_005,458.708,2.5,1,458.708,
ARCS_22_001,2660.503,2.5,1,2660.503,
ARCS_22_002,2047.649,2.5,1,2047.649,
ARCS_22_003,1513.534,2.5,1,1513.534,
ARCS_22_004,1387.847,2.5,1,1387.847,
ARCS_22_005,926.943,2.5,1,926.943,
ARCS_25_001,2628.174,2.5,1,2628.174,
ARCS_25_002,1890.708,2.5,1,1890.708,
ARCS_25_003,1250.572,2.5,1,1250.572,
ARCS_25_004,1003.611,2.5,1,1003.611,
ARCS_25_005,724.977,2.5,1,724.977,
ARCS_25_006,589.14,2.5,1,589.14,
ARCS_29_001,2471.097,2.5,1,2471.097,
ARCS_29_002,1598.993,2.5,1,1598.993,
ARCS_29_003,1499.515,2.5,1,1499.515,
ARCS_29_004,1148.11,2.5,1,1148.11,
ARCS_29_005,708.79,2.5,1,708.79,
ARCS_29_006,673.949,2.5,1,673.949,
ARCS_29_007,329.821,2.5,1,329.821,
ARCS_32_001,2593.776,2.5,1,2593.776,
ARCS_32_002,1948.27,2.5,1,1948.27,
ARCS_32_003,1568.868,2.5,1,1568.868,
ARCS_32_004,1407.743,2.5,1,1407.743,
ARCS_32_005,1152.691,2.5,1,1152.691,
ARCS_55_001,2265.709,2.5,1,2265.709,
ARCS_55_002,1074.71,2.5,1,1074.71,
ARCS_55_003,563.198,2.5,1,563.198,
ARCS_62_001,2474.101,2.5,1,2474.101,
ARCS_62_002,1813.283,2.5,1,1813.283,
ARCS_62_003,1685.915,2.5,1,1685.915,
ARCS_62_004,1225.891,2.5,1,1225.891,
ARCS_62_005,922.367,2.5,1,922.367,
ARCS_62_006,462.293,2.5,1,462.293,
ARCS_85_001,3199.328,2.5,1,3199.328,
ARCS_85_002,2395.861,2.5,1,2395.861,
ARCS_85_003,2137.799,2.5,1,2137.799,
ARCS_85_004,1229.327,2.5,1,1229.327,
ARCS_86_001,2599.771,2.5,1,2599.771,
ARCS_86_002,1352.977,2.5,1,1352.977,
ARCS_86_003,1128.922,2.5,1,1128.922,
ARCS_86_004,808.349,2.5,1,808.349,
ARCS_87_001,2555.135,2.5,1,2555.135,
ARCS_87_002,1654.566,2.5,1,1654.566,
ARCS_87_003,1308.957,2.5,1,1308.957,
ARCS_87_004,983.598,2.5,1,983.598,
ARCS_87_005,664.14,2.5,1,664.14,
ARCS_88_001,2948.065,2.5,1,2948.065,
ARCS_88_002,2399.755,2.5,1,2399.755,
ARCS_88_003,1878.121,2.5,1,1878.121,
ARCS_88_004,1424.587,2.5,1,1424.587,
ARCS_88_005,967.169,2.5,1,967.169,
ARCS_88_006,533.323,2.5,1,533.323,
ARCS_99_001,2570.005,2.5,1,2570.005,
ARCS_99_002,2034.404,2.5,1,2034.404,
ARCS_99_003,1744.5,2.5,1,1744.5,
ARCS_99_004,1162.07,2.5,1,1162.07,
ARCS_99_005,848.261,2.5,1,848.261,
ARCS_100_001,2385.376,2.5,1,2385.376,
ARCS_100_002,1771.221,2.5,1,1771.221,
ARCS_100_003,1327.055,2.5,1,1327.055,
ARCS_100_004,746.396,2.5,1,746.396,
ARCS_111_001,2412.102,2.5,1,2412.102,
ARCS_111_002,1637.392,2.5,1,1637.392,
ARCS_111_003,1404.346,2.5,1,1404.346,
ARCS_111_004,927.482,2.5,1,927.482,
ARCS_111_005,520.92,2.5,1,520.92,
ARCS_118_001,1899.267,2.5,1,1899.267,
ARCS_118_002,1176.399,2.5,1,1176.399,
ARCS_118_003,855.827,2.5,1,855.827,
ARCS_118_004,597.341,2.5,1,597.341,
ARCS_119_001,2113.109,2.5,1,2113.109,
ARCS_119_002,1190.856,2.5,1,1190.856,
ARCS_119_003,787.033,2.5,1,787.033,
ARCS_119_004,556.118,2.5,1,556.118,
ARCS_127_001,2607.396,2.5,1,2607.396,
ARCS_127_002,2057.115,2.5,1,2057.115,
ARCS_127_003,1642.98,2.5,1,1642.98,
ARCS_127_004,1332.267,2.5,1,1332.267,
ARCS_127_005,897.298,2.5,1,897.298,
ARCS_127_006,558.188,2.5,1,558.188,
ARCS_129_001,2411.473,2.5,1,2411.473,
ARCS_129_002,1629.456,2.5,1,1629.456,
ARCS_129_003,1123.382,2.5,1,1123.382,
ARCS_129_004,777.609,2.5,1,777.609,
ARCS_129_005,619.456,2.5,1,619.456,
ARCS_130_001,2440.163,2.5,1,2440.163,
ARCS_130_002,2037.656,2.5,1,2037.656,
ARCS_130_003,1158.874,2.5,1,1158.874,
ARCS_130_004,662.736,2.5,1,662.736,
ARCS_131_001,2548.874,2.5,1,2548.874,
ARCS_131_002,1841.878,2.5,1,1841.878,
ARCS_131_003,1475.07,2.5,1,1475.07,
ARCS_131_004,996.827,2.5,1,996.827,
ARCS_131_005,825.53,2.5,1,825.53,
ARCS_133_001,2486.452,2.5,1,2486.452,
ARCS_133_002,1952.026,2.5,1,1952.026,
ARCS_133_003,NA,2.5,1,#VALUE!,Image malfunctioned
ARCS_133_004,1133.671,2.5,1,1133.671,
ARCS_133_005,726.263,2.5,1,726.263,
ARCS_133_006,597.027,2.5,1,597.027,
ARCS_134_001,2220.533,2.5,1,2220.533,
ARCS_134_002,1503.745,2.5,1,1503.745,
ARCS_134_003,804.131,2.5,1,804.131,
ARCS_134_004,811.986,2.5,1,811.986,
ARCS_135_001,2454.261,2.5,1,2454.261,
ARCS_135_002,1643.358,2.5,1,1643.358,
ARCS_135_003,1118.88,2.5,1,1118.88,
ARCS_135_004,1132.905,2.5,1,1132.905,
ARCS_135_005,869.084,2.5,1,869.084,
ARCS_138_001,2607.88,2.5,1,2607.88,
ARCS_138_002,1651.633,2.5,1,1651.633,
ARCS_138_003,1226.486,2.5,1,1226.486,
ARCS_138_004,762.492,2.5,1,762.492,
ARCS_138_005,NA,2.5,1,#VALUE!,Image malfunctioned
ARCS_145_001,2476.868,2.5,1,2476.868,
ARCS_145_002,2129.373,2.5,1,2129.373,
ARCS_145_003,1591.435,2.5,1,1591.435,
ARCS_145_004,1052.29,2.5,1,1052.29,
ARCS_145_005,710.65,2.5,1,710.65,
BDWF_48_001,3134.191,2.5,1,3134.191,
BDWF_48_002,2625.257,2.5,1,2625.257,
BDWF_48_003,1854.295,2.5,1,1854.295,
BDWF_48_004,1485.809,2.5,1,1485.809,
BDWF_48_005,1294.928,2.5,1,1294.928,
BDWF_48_006,808.629,2.5,1,808.629,
BDWF_49_001,3793.133,2.5,1,3793.133,
BDWF_49_002,3132.14,2.5,1,3132.14,
BDWF_49_003,2807.475,2.5,1,2807.475,
BDWF_49_004,2508.742,2.5,1,2508.742,
BDWF_49_005,2236.531,2.5,1,2236.531,
BDWF_49_006,1758.252,2.5,1,1758.252,
BDWF_49_007,1467.466,2.5,1,1467.466,
BDWF_49_008,1303.222,2.5,1,1303.222,
BDWF_49_009,963.235,2.5,1,963.235,
BDWF_54_001,2419.23,2.5,1,2419.23,
BDWF_54_002,1681.407,2.5,1,1681.407,
BDWF_54_003,1290.361,2.5,1,1290.361,
BDWF_54_004,933.974,2.5,1,933.974,
BDWF_55_001,1960.918,2.5,1,1960.918,
BDWF_55_002,1469.828,2.5,1,1469.828,
BDWF_55_003,936.125,2.5,1,936.125,
BDWF_55_004,572.14,2.5,1,572.14,
BDWF_57_001,2211.624,2.5,1,2211.624,
BDWF_57_002,1640.309,2.5,1,1640.309,
BDWF_57_003,1420.911,2.5,1,1420.911,
BDWF_57_004,996.194,2.5,1,996.194,
BDWF_57_005,718.814,2.5,1,718.814,
BDWF_60_001,2007.278,2.5,1,2007.278,
BDWF_60_002,1520.841,2.5,1,1520.841,
BDWF_60_003,1309.627,2.5,1,1309.627,
BDWF_60_004,1039.349,2.5,1,1039.349,
BDWF_61_001,1983.821,2.5,1,1983.821,
BDWF_61_002,1604.832,2.5,1,1604.832,
BDWF_61_003,1134.696,2.5,1,1134.696,
BDWF_61_004,828.759,2.5,1,828.759,
BDWF_62_001,3529.354,2.5,1,3529.354,
BDWF_62_002,2308.088,2.5,1,2308.088,
BDWF_62_003,1567.113,2.5,1,1567.113,
BDWF_62_004,1502.617,2.5,1,1502.617,
BDWF_62_005,1137.906,2.5,1,1137.906,
BDWF_62_006,835.145,2.5,1,835.145,
BDWF_63_001,2602.583,2.5,1,2602.583,
BDWF_63_002,1765.603,2.5,1,1765.603,
BDWF_63_003,1232.642,2.5,1,1232.642,
BDWF_63_004,1201.297,2.5,1,1201.297,
BDWF_63_005,804.621,2.5,1,804.621,
BDWF_63_006,386.28,2.5,1,386.28,
BDWF_68_001,1988.432,2.5,1,1988.432,
BDWF_68_002,1517.136,2.5,1,1517.136,
BDWF_68_003,1201.47,2.5,1,1201.47,
BDWF_68_004,741.68,2.5,1,741.68,
BDWF_71_001,2984.16,2.5,1,2984.16,
BDWF_71_002,2329.482,2.5,1,2329.482,
BDWF_71_003,1914.794,2.5,1,1914.794,
BDWF_71_004,1551.398,2.5,1,1551.398,
BDWF_71_005,1416.527,2.5,1,1416.527,
BDWF_71_006,1024.679,2.5,1,1024.679,
BDWF_83_001,3317.061,2.5,1,3317.061,
BDWF_83_002,2773.679,2.5,1,2773.679,
BDWF_83_003,2420.522,2.5,1,2420.522,
BDWF_83_004,1966.64,2.5,1,1966.64,
BDWF_83_005,1626.283,2.5,1,1626.283,
BDWF_83_006,986.32,2.5,1,986.32,
BDWF_84_001,2582.211,2.5,1,2582.211,
BDWF_84_002,2073.157,2.5,1,2073.157,
BDWF_84_003,1679.9,2.5,1,1679.9,
BDWF_84_004,1405.939,2.5,1,1405.939,
BDWF_84_005,885.377,2.5,1,885.377,
BDWF_84_006,755.074,2.5,1,755.074,
BDWF_90_001,3077.164,2.5,1,3077.164,
BDWF_90_002,2374.268,2.5,1,2374.268,
BDWF_90_003,1913.084,2.5,1,1913.084,
BDWF_90_004,1435.501,2.5,1,1435.501,
BDWF_90_005,1146.105,2.5,1,1146.105,
BDWF_90_006,766.051,2.5,1,766.051,
BDWF_92_001,2348.597,2.5,1,2348.597,
BDWF_92_002,1641.636,2.5,1,1641.636,
BDWF_92_003,1330.705,2.5,1,1330.705,
BDWF_92_004,1213.104,2.5,1,1213.104,
BDWF_92_005,952.212,2.5,1,952.212,
BDWF_92_006,786.77,2.5,1,786.77,
BDWF_95_001,2986.804,2.5,1,2986.804,
BDWF_95_002,2467.862,2.5,1,2467.862,
BDWF_95_003,2135.23,2.5,1,2135.23,
BDWF_95_004,1546.759,2.5,1,1546.759,
BDWF_95_005,1416.827,2.5,1,1416.827,
BDWF_95_006,1148.21,2.5,1,1148.21,
BDWF_95_007,966.616,2.5,1,966.616,
BDWF_101_001,2462.9,2.5,1,2462.9,
BDWF_101_002,2034.519,2.5,1,2034.519,
BDWF_101_003,937.187,2.5,1,937.187,
BDWF_101_004,711.966,2.5,1,711.966,
BDWF_102_001,2163.666,2.5,1,2163.666,
BDWF_102_002,1675.277,2.5,1,1675.277,
BDWF_102_003,1219.073,2.5,1,1219.073,
BDWF_102_004,825.891,2.5,1,825.891,
BDWF_103_001,2399.812,2.5,1,2399.812,
BDWF_103_002,1907.993,2.5,1,1907.993,
BDWF_103_003,1495.984,2.5,1,1495.984,
BDWF_103_004,1039.515,2.5,1,1039.515,
BDWF_103_005,783.619,2.5,1,783.619,
BDWF_104_001,2489.907,2.5,1,2489.907,
BDWF_104_002,1986.329,2.5,1,1986.329,
BDWF_104_003,1315.507,2.5,1,1315.507,
BDWF_104_004,1173.927,2.5,1,1173.927,
BDWF_104_005,781.519,2.5,1,781.519,
BDWF_106_001,1951.921,2.5,1,1951.921,
BDWF_106_002,1056.209,2.5,1,1056.209,
BDWF_106_003,692.573,2.5,1,692.573,
BDWF_106_004,229.942,2.5,1,229.942,
BDWF_111_001,3775.046,2.5,1,3775.046,
BDWF_111_002,3274.196,2.5,1,3274.196,
BDWF_111_003,2706.22,2.5,1,2706.22,
BDWF_111_004,2280.363,2.5,1,2280.363,
BDWF_111_005,1910.934,2.5,1,1910.934,
BDWF_111_006,1644.144,2.5,1,1644.144,
BDWF_111_007,1174.051,2.5,1,1174.051,
BDWF_113_001,2576.674,2.5,1,2576.674,
BDWF_113_002,1716.88,2.5,1,1716.88,
BDWF_113_003,1335.378,2.5,1,1335.378,
BDWF_113_004,961.422,2.5,1,961.422,
BDWF_114_003,1029.257,2.5,1,1029.257,
BDWF_114_004,454.271,2.5,1,454.271,
BDWF_117_001,3207.336,2.5,1,3207.336,
BDWF_117_002,2508.015,2.5,1,2508.015,
BDWF_117_003,2165.889,2.5,1,2165.889,
BDWF_117_004,1643.475,2.5,1,1643.475,
BDWF_117_005,1368.088,2.5,1,1368.088,
BDWF_117_006,1289.562,2.5,1,1289.562,
BDWF_117_007,474.649,2.5,1,474.649,
BDWF_122_001,2920.326,2.5,1,2920.326,
BDWF_122_002,2360.933,2.5,1,2360.933,
BDWF_122_003,1977.197,2.5,1,1977.197,
BDWF_122_004,1634.319,2.5,1,1634.319,
BDWF_122_005,1234.712,2.5,1,1234.712,
BDWF_122_006,925.919,2.5,1,925.919,
BDWF_122_007,510.368,2.5,1,510.368,
BDWF_124_001,2883.37,2.5,1,2883.37,
BDWF_124_002,2334.157,2.5,1,2334.157,
BDWF_124_003,1747.585,2.5,1,1747.585,
BDWF_124_004,1496.959,2.5,1,1496.959,
BDWF_124_005,1161.593,2.5,1,1161.593,
BDWF_124_006,955.508,2.5,1,955.508,
BDWF_125_001,3493.183,2.5,1,3493.183,
BDWF_125_002,2904.643,2.5,1,2904.643,
BDWF_125_003,2349.646,2.5,1,2349.646,
BDWF_125_004,2101.43,2.5,1,2101.43,
BDWF_125_005,1493.98,2.5,1,1493.98,
BDWF_125_006,1122.759,2.5,1,1122.759,
HBWF_41_001,3699.723,2.5,1,3699.723,
HBWF_41_002,2964.395,2.5,1,2964.395,
HBWF_41_003,2406.337,2.5,1,2406.337,
HBWF_41_004,2244.182,2.5,1,2244.182,
HBWF_41_005,1986.428,2.5,1,1986.428,
HBWF_41_006,1652.044,2.5,1,1652.044,
HBWF_41_007,819.971,2.5,1,819.971,
HBWF_42_001,3066.064,2.5,1,3066.064,
HBWF_42_002,2337.352,2.5,1,2337.352,
HBWF_42_003,1938.146,2.5,1,1938.146,
HBWF_42_004,1543.652,2.5,1,1543.652,
HBWF_42_005,1346.251,2.5,1,1346.251,
HBWF_42_006,918.812,2.5,1,918.812,
HBWF_44_001,3628.071,2.5,1,3628.071,
HBWF_44_002,3048.406,2.5,1,3048.406,
HBWF_44_003,2460.546,2.5,1,2460.546,
HBWF_44_004,1809.13,2.5,1,1809.13,
HBWF_44_005,1515.914,2.5,1,1515.914,
HBWF_44_006,1017.381,2.5,1,1017.381,
HBWF_47_001,2858.513,2.5,1,2858.513,
HBWF_47_002,2323.903,2.5,1,2323.903,
HBWF_47_003,1967.326,2.5,1,1967.326,
HBWF_47_004,1557.2,2.5,1,1557.2,
HBWF_47_005,1042.644,2.5,1,1042.644,
HBWF_47_006,788.497,2.5,1,788.497,
HBWF_52_001,2955.814,2.5,1,2955.814,
HBWF_52_002,2219.406,2.5,1,2219.406,
HBWF_52_003,1650.779,2.5,1,1650.779,
HBWF_52_004,1307.39,2.5,1,1307.39,
HBWF_52_005,1199.721,2.5,1,1199.721,
HBWF_52_006,783.154,2.5,1,783.154,
HBWF_53_001,2679.246,2.5,1,2679.246,
HBWF_53_002,1698.206,2.5,1,1698.206,
HBWF_53_003,1350.812,2.5,1,1350.812,
HBWF_53_004,980.155,2.5,1,980.155,
HBWF_53_005,832.284,2.5,1,832.284,
HBWF_56_001,2448.925,2.5,1,2448.925,
HBWF_56_002,1797.104,2.5,1,1797.104,
HBWF_56_003,1345.328,2.5,1,1345.328,
HBWF_56_004,898.001,2.5,1,898.001,
HBWF_57_001,3270.024,2.5,1,3270.024,
HBWF_57_002,2401.778,2.5,1,2401.778,
HBWF_57_003,1924.012,2.5,1,1924.012,
HBWF_57_004,1716.415,2.5,1,1716.415,
HBWF_57_005,1544.463,2.5,1,1544.463,
HBWF_57_006,1323.046,2.5,1,1323.046,
HBWF_57_007,1203.273,2.5,1,1203.273,
HBWF_57_008,375.305,2.5,1,375.305,
HBWF_58_001,3771.279,2.5,1,3771.279,
HBWF_58_002,2521.628,2.5,1,2521.628,
HBWF_58_003,2065.913,2.5,1,2065.913,
HBWF_58_004,1178.743,2.5,1,1178.743,
HBWF_58_005,920.281,2.5,1,920.281,
HBWF_60_001,3272.389,2.5,1,3272.389,
HBWF_60_002,2519.927,2.5,1,2519.927,
HBWF_60_003,2172.182,2.5,1,2172.182,
HBWF_60_004,1680.322,2.5,1,1680.322,
HBWF_60_005,1409.894,2.5,1,1409.894,
HBWF_60_006,1273.487,2.5,1,1273.487,
HBWF_60_007,1135.599,2.5,1,1135.599,
HBWF_60_008,109.302,2.5,1,109.302,
HBWF_67_001,3014.48,2.5,1,3014.48,
HBWF_67_002,2619.38,2.5,1,2619.38,
HBWF_67_003,2248.518,2.5,1,2248.518,
HBWF_67_004,1800.764,2.5,1,1800.764,
HBWF_67_005,1067.285,2.5,1,1067.285,
HBWF_74_001,2790.939,2.5,1,2790.939,
HBWF_74_002,2188.682,2.5,1,2188.682,
HBWF_74_003,1714.967,2.5,1,1714.967,
HBWF_74_004,1520.822,2.5,1,1520.822,
HBWF_74_005,1204.059,2.5,1,1204.059,
HBWF_74_006,879.165,2.5,1,879.165,
HBWF_74_007,335.683,2.5,1,335.683,
HBWF_76_002,2272.244,2.5,1,2272.244,
HBWF_76_003,2014.097,2.5,1,2014.097,
HBWF_76_004,1194.038,2.5,1,1194.038,
HBWF_77_001,2490.021,2.5,1,2490.021,
HBWF_77_002,1860.488,2.5,1,1860.488,
HBWF_77_003,1516.798,2.5,1,1516.798,
HBWF_77_004,1137.239,2.5,1,1137.239,
HBWF_77_005,833.314,2.5,1,833.314,
HBWF_77_006,532.8,2.5,1,532.8,
HBWF_81_001,2446.489,2.5,1,2446.489,
HBWF_81_002,1985.986,2.5,1,1985.986,
HBWF_81_003,1563.902,2.5,1,1563.902,
HBWF_81_004,853.959,2.5,1,853.959,
HBWF_82_001,2629.369,2.5,1,2629.369,
HBWF_82_002,2157.297,2.5,1,2157.297,
HBWF_82_003,1954.509,2.5,1,1954.509,
HBWF_82_004,1485.252,2.5,1,1485.252,
HBWF_82_005,1348.482,2.5,1,1348.482,
HBWF_82_006,1086.304,2.5,1,1086.304,
HBWF_83_001,3767.092,2.5,1,3767.092,
HBWF_83_002,2729.297,2.5,1,2729.297,
HBWF_83_003,2396.499,2.5,1,2396.499,
HBWF_83_004,1910.677,2.5,1,1910.677,
HBWF_83_005,1627.55,2.5,1,1627.55,
HBWF_83_006,1416.861,2.5,1,1416.861,
HBWF_83_007,1048.781,2.5,1,1048.781,
HBWF_90_001,3331.273,2.5,1,3331.273,
HBWF_90_002,2778.664,2.5,1,2778.664,
HBWF_90_003,2373.574,2.5,1,2373.574,
HBWF_90_004,1944.969,2.5,1,1944.969,
HBWF_90_005,1563.612,2.5,1,1563.612,
HBWF_90_006,919.895,2.5,1,919.895,
HBWF_91_001,3320.812,2.5,1,3320.812,
HBWF_91_002,2194.753,2.5,1,2194.753,
HBWF_91_003,1724.442,2.5,1,1724.442,
HBWF_91_004,1246.953,2.5,1,1246.953,
HBWF_91_005,856.472,2.5,1,856.472,
HBWF_97_001,3141.877,2.5,1,3141.877,
HBWF_97_002,2441.411,2.5,1,2441.411,
HBWF_97_003,2067.539,2.5,1,2067.539,
HBWF_97_004,1669.257,2.5,1,1669.257,
HBWF_97_005,1528.812,2.5,1,1528.812,
HBWF_97_006,1017.381,2.5,1,1017.381,
HBWF_98_001,2972.762,2.5,1,2972.762,
HBWF_98_002,2178.847,2.5,1,2178.847,
HBWF_98_003,1926.7,2.5,1,1926.7,
HBWF_98_004,1393.934,2.5,1,1393.934,
HBWF_98_005,983.919,2.5,1,983.919,
HBWF_99_001,3068.969,2.5,1,3068.969,
HBWF_99_002,2639.203,2.5,1,2639.203,
HBWF_99_003,2315.898,2.5,1,2315.898,
HBWF_99_004,1876.524,2.5,1,1876.524,
HBWF_99_005,1694.132,2.5,1,1694.132,
HBWF_99_006,1457.761,2.5,1,1457.761,
HBWF_101_001,2461.735,2.5,1,2461.735,
HBWF_101_002,1993.447,2.5,1,1993.447,
HBWF_101_003,899.218,2.5,1,899.218,
HBWF_101_004,663.717,2.5,1,663.717,
HBWF_109_001,3174.129,2.5,1,3174.129,
HBWF_109_002,2447.871,2.5,1,2447.871,
HBWF_109_003,2111.369,2.5,1,2111.369,
HBWF_109_004,1643.4,2.5,1,1643.4,
HBWF_109_005,1212.275,2.5,1,1212.275,
HBWF_111_001,3753.692,2.5,1,3753.692,
HBWF_111_002,3229.258,2.5,1,3229.258,
HBWF_111_003,2752.085,2.5,1,2752.085,
HBWF_111_004,2282.23,2.5,1,2282.23,
HBWF_111_005,1930.89,2.5,1,1930.89,
HBWF_111_006,1645.199,2.5,1,1645.199,
HBWF_111_007,1207.762,2.5,1,1207.762,
HBWF_113_001,2563.454,2.5,1,2563.454,
HBWF_113_002,1696.104,2.5,1,1696.104,
HBWF_113_003,1347.89,2.5,1,1347.89,
HBWF_113_004,936.84,2.5,1,936.84,
LSCS_46_001,2501.502,2.5,1,2501.502,
LSCS_46_002,2058.974,2.5,1,2058.974,
LSCS_46_003,1903.083,2.5,1,1903.083,
LSCS_46_004,1485.59,2.5,1,1485.59,
LSCS_46_005,1408.265,2.5,1,1408.265,
LSCS_46_006,1353.618,2.5,1,1353.618,
LSCS_46_007,1154.204,2.5,1,1154.204,
LSCS_47_001,2828.281,2.5,1,2828.281,
LSCS_47_002,2364.558,2.5,1,2364.558,
LSCS_47_003,1629.97,2.5,1,1629.97,
LSCS_47_004,1138.529,2.5,1,1138.529,
LSCS_47_005,933.457,2.5,1,933.457,
LSCS_48_001,2727.477,2.5,1,2727.477,
LSCS_48_002,1985.629,2.5,1,1985.629,
LSCS_48_003,1392.13,2.5,1,1392.13,
LSCS_48_004,901.79,2.5,1,901.79,
LSCS_48_005,602.418,2.5,1,602.418,
LSCS_55_001,2844.721,2.5,1,2844.721,
LSCS_55_002,2174.354,2.5,1,2174.354,
LSCS_55_003,1791.572,2.5,1,1791.572,
LSCS_55_004,1374.881,2.5,1,1374.881,
LSCS_55_005,902.763,2.5,1,902.763,
LSCS_57_001,2521.768,2.5,1,2521.768,
LSCS_57_002,2167.762,2.5,1,2167.762,
LSCS_57_003,1546.052,2.5,1,1546.052,
LSCS_57_004,1282.492,2.5,1,1282.492,
LSCS_57_005,994.6,2.5,1,994.6,
LSCS_57_006,619.456,2.5,1,619.456,
LSCS_66_001,3098.246,2.5,1,3098.246,
LSCS_66_002,2414.467,2.5,1,2414.467,
LSCS_66_003,1897.523,2.5,1,1897.523,
LSCS_66_004,1751.827,2.5,1,1751.827,
LSCS_66_005,1351.402,2.5,1,1351.402,
LSCS_66_006,1318.613,2.5,1,1318.613,
LSCS_66_007,906.076,2.5,1,906.076,
LSCS_71_001,4020.212,2.5,1,4020.212,
LSCS_71_002,3374.474,2.5,1,3374.474,
LSCS_71_003,2911.999,2.5,1,2911.999,
LSCS_71_004,2498.679,2.5,1,2498.679,
LSCS_71_005,2062.69,2.5,1,2062.69,
LSCS_71_006,1620.12,2.5,1,1620.12,
LSCS_71_007,1140.415,2.5,1,1140.415,
LSCS_89_001,3318.951,2.5,1,3318.951,
LSCS_89_002,2949.742,2.5,1,2949.742,
LSCS_89_003,2219.17,2.5,1,2219.17,
LSCS_89_004,2128.137,2.5,1,2128.137,
LSCS_89_005,1793.26,2.5,1,1793.26,
LSCS_89_006,1381.19,2.5,1,1381.19,
LSCS_89_007,931.903,2.5,1,931.903,
LSCS_91_001,3711.642,2.5,1,3711.642,
LSCS_91_002,3024.958,2.5,1,3024.958,
LSCS_91_003,2524.175,2.5,1,2524.175,
LSCS_91_004,2154.256,2.5,1,2154.256,
LSCS_91_005,1566.018,2.5,1,1566.018,
LSCS_91_006,1195.507,2.5,1,1195.507,
LSCS_91_007,868.472,2.5,1,868.472,
LSCS_93_001,4070.978,2.5,1,4070.978,
LSCS_93_002,3253.488,2.5,1,3253.488,
LSCS_93_003,2659.742,2.5,1,2659.742,
LSCS_93_004,2259.38,2.5,1,2259.38,
LSCS_93_005,1606.79,2.5,1,1606.79,
LSCS_93_006,835.145,2.5,1,835.145,
LSCS_96_001,3586.754,2.5,1,3586.754,
LSCS_96_002,2738.707,2.5,1,2738.707,
LSCS_96_003,2340.74,2.5,1,2340.74,
LSCS_96_004,1865.667,2.5,1,1865.667,
LSCS_96_005,1479.007,2.5,1,1479.007,
LSCS_96_006,1307.774,2.5,1,1307.774,
LSCS_96_007,570,2.5,1,570,
LSCS_97_001,2687.488,2.5,1,2687.488,
LSCS_97_002,1771.583,2.5,1,1771.583,
LSCS_97_003,1580.422,2.5,1,1580.422,
LSCS_97_004,1047.257,2.5,1,1047.257,
LSCS_109_001,3197.695,2.5,1,3197.695,
LSCS_109_002,2434.631,2.5,1,2434.631,
LSCS_109_003,2104.851,2.5,1,2104.851,
LSCS_109_004,1671.146,2.5,1,1671.146,
LSCS_109_005,1210.436,2.5,1,1210.436,
LSCS_110_001,2804.619,2.5,1,2804.619,
LSCS_110_002,1794.645,2.5,1,1794.645,
LSCS_110_003,1721.404,2.5,1,1721.404,
LSCS_110_004,1169.905,2.5,1,1169.905,
LSCS_110_005,937.513,2.5,1,937.513,
LSCS_121_001,3535.161,2.5,1,3535.161,
LSCS_121_002,2801.876,2.5,1,2801.876,
LSCS_121_003,2356.215,2.5,1,2356.215,
LSCS_121_004,1247.253,2.5,1,1247.253,
LSCS_121_005,1025.054,2.5,1,1025.054,
LSCS_124_001,3080.212,2.5,1,3080.212,
LSCS_124_002,2521.147,2.5,1,2521.147,
LSCS_124_003,1990.433,2.5,1,1990.433,
LSCS_124_004,1584.956,2.5,1,1584.956,
LSCS_124_005,1385.124,2.5,1,1385.124,
LSCS_124_006,1215.044,2.5,1,1215.044,
LSCS_124_007,978.625,2.5,1,978.625,
LSCS_124_008,546.409,2.5,1,546.409,
LSCS_126_001,3667.226,2.5,1,3667.226,
LSCS_126_002,2755.864,2.5,1,2755.864,
LSCS_126_003,1975.561,2.5,1,1975.561,
LSCS_126_004,1376.558,2.5,1,1376.558,
LSCS_126_005,1050.555,2.5,1,1050.555,
LSCS_134_001,3380.031,2.5,1,3380.031,
LSCS_134_002,2509.119,2.5,1,2509.119,
LSCS_134_003,2059.739,2.5,1,2059.739,
LSCS_134_004,1912.96,2.5,1,1912.96,
LSCS_134_005,1731.265,2.5,1,1731.265,
LSCS_134_006,1590.692,2.5,1,1590.692,
LSCS_134_007,1077.238,2.5,1,1077.238,
LSCS_134_008,672.613,2.5,1,672.613,
LSCS_134_009,462.656,2.5,1,462.656,
LSCS_136_001,3572.863,2.5,1,3572.863,
LSCS_136_002,2875.356,2.5,1,2875.356,
LSCS_136_003,1982.539,2.5,1,1982.539,
LSCS_136_004,1397.134,2.5,1,1397.134,
LSCS_136_005,1102.489,2.5,1,1102.489,
LSCS_136_006,683.89,2.5,1,683.89,
LSCS_140_001,3707.826,2.5,1,3707.826,
LSCS_140_002,3049.492,2.5,1,3049.492,
LSCS_140_003,2238.219,2.5,1,2238.219,
LSCS_140_004,1887.335,2.5,1,1887.335,
LSCS_140_005,1348.665,2.5,1,1348.665,
LSCS_140_006,1093.719,2.5,1,1093.719,
LSCS_141_001,3207.885,2.5,1,3207.885,
LSCS_141_002,2642.621,2.5,1,2642.621,
LSCS_141_003,2193.235,2.5,1,2193.235,
LSCS_141_004,1793.167,2.5,1,1793.167,
LSCS_141_005,1541.557,2.5,1,1541.557,
LSCS_141_006,1119.109,2.5,1,1119.109,
LSCS_141_007,562.533,2.5,1,562.533,
LSCS_144_001,3381.92,2.5,1,3381.92,
LSCS_144_002,2603.526,2.5,1,2603.526,
LSCS_144_003,2229.862,2.5,1,2229.862,
LSCS_144_004,1999.564,2.5,1,1999.564,
LSCS_144_005,1676.005,2.5,1,1676.005,
LSCS_144_006,1376.558,2.5,1,1376.558,
LSCS_144_007,811.853,2.5,1,811.853,
LSCS_146_001,3254.024,2.5,1,3254.024,
LSCS_146_002,2330.624,2.5,1,2330.624,
LSCS_146_003,2024.12,2.5,1,2024.12,
LSCS_146_004,1784.356,2.5,1,1784.356,
LSCS_146_005,1395.355,2.5,1,1395.355,
LSCS_146_006,752.145,2.5,1,752.145,
LSCS_153_001,3161.393,2.5,1,3161.393,
LSCS_153_002,2289.293,2.5,1,2289.293,
LSCS_153_003,1988.744,2.5,1,1988.744,
LSCS_153_004,1794.996,2.5,1,1794.996,
LSCS_153_005,1373.483,2.5,1,1373.483,
LSCS_153_006,1127.559,2.5,1,1127.559,
LSCS_153_007,949.88,2.5,1,949.88,
LSCS_153_008,819.971,2.5,1,819.971,
LSCS_153_009,529.609,2.5,1,529.609,
LSCS_155_001,2737.364,2.5,1,2737.364,
LSCS_155_002,2032.42,2.5,1,2032.42,
LSCS_155_003,1421.778,2.5,1,1421.778,
LSCS_155_004,590.136,2.5,1,590.136,